"Date","Source","Site ID","POC","Daily Mean PM10 Concentration","UNITS","DAILY_AQI_VALUE","Site Name","DAILY_OBS_COUNT","PERCENT_COMPLETE","AQS_PARAMETER_CODE","AQS_PARAMETER_DESC","CBSA_CODE","CBSA_NAME","STATE_CODE","STATE","COUNTY_CODE","COUNTY","SITE_LATITUDE","SITE_LONGITUDE"
"01/05/2022","AQS","360050110","3","12","ug/m3 SC","11","IS 52","1","100.0000","81102","PM10 Total 0-10um STP","35620","New York-Newark-Jersey City, NY-NJ-PA","36","New York","005","Bronx","40.816","-73.902"
"01/11/2022","AQS","360050110","3","11","ug/m3 SC","10","IS 52","1","100.0000","81102","PM10 Total 0-10um STP","35620","New York-Newark-Jersey City, NY-NJ-PA","36","New York","005","Bronx","40.816","-73.902"
"01/17/2022","AQS","360050110","3","8","ug/m3 SC","7","IS 52","1","100.0000","81102","PM10 Total 0-10um STP","35620","New York-Newark-Jersey City, NY-NJ-PA","36","New York","005","Bronx","40.816","-73.902"
"01/23/2022","AQS","360050110","3","16","ug/m3 SC","15","IS 52","1","100.0000","81102","PM10 Total 0-10um STP","35620","New York-Newark-Jersey City, NY-NJ-PA","36","New York","005","Bronx","40.816","-73.902"
"01/29/2022","AQS","360050110","3","9","ug/m3 SC","8","IS 52","1","100.0000","81102","PM10 Total 0-10um STP","35620","New York-Newark-Jersey City, NY-NJ-PA","36","New York","005","Bronx","40.816","-73.902"
"02/04/2022","AQS","360050110","3","5","ug/m3 SC","5","IS 52","1","100.0000","81102","PM10 Total 0-10um STP","35620","New York-Newark-Jersey City, NY-NJ-PA","36","New York","005","Bronx","40.816","-73.902"
"02/10/2022","AQS","360050110","3","18","ug/m3 SC","17","IS 52","1","100.0000","81102","PM10 Total 0-10um STP","35620","New York-Newark-Jersey City, NY-NJ-PA","36","New York","005","Bronx","40.816","-73.902"
"02/16/2022","AQS","360050110","3","20","ug/m3 SC","19","IS 52","1","100.0000","81102","PM10 Total 0-10um STP","35620","New York-Newark-Jersey City, NY-NJ-PA","36","New York","005","Bronx","40.816","-73.902"
"02/22/2022","AQS","360050110","3","23","ug/m3 SC","21","IS 52","1","100.0000","81102","PM10 Total 0-10um STP","35620","New York-Newark-Jersey City, NY-NJ-PA","36","New York","005","Bronx","40.816","-73.902"
"02/28/2022","AQS","360050110","3","6","ug/m3 SC","6","IS 52","1","100.0000","81102","PM10 Total 0-10um STP","35620","New York-Newark-Jersey City, NY-NJ-PA","36","New York","005","Bronx","40.816","-73.902"
"03/06/2022","AQS","360050110","3","23","ug/m3 SC","21","IS 52","1","100.0000","81102","PM10 Total 0-10um STP","35620","New York-Newark-Jersey City, NY-NJ-PA","36","New York","005","Bronx","40.816","-73.902"
"03/12/2022","AQS","360050110","3","11","ug/m3 SC","10","IS 52","1","100.0000","81102","PM10 Total 0-10um STP","35620","New York-Newark-Jersey City, NY-NJ-PA","36","New York","005","Bronx","40.816","-73.902"
"03/18/2022","AQS","360050110","3","19","ug/m3 SC","18","IS 52","1","100.0000","81102","PM10 Total 0-10um STP","35620","New York-Newark-Jersey City, NY-NJ-PA","36","New York","005","Bronx","40.816","-73.902"
"03/24/2022","AQS","360050110","3","4","ug/m3 SC","4","IS 52","1","100.0000","81102","PM10 Total 0-10um STP","35620","New York-Newark-Jersey City, NY-NJ-PA","36","New York","005","Bronx","40.816","-73.902"
"03/30/2022","AQS","360050110","3","12","ug/m3 SC","11","IS 52","1","100.0000","81102","PM10 Total 0-10um STP","35620","New York-Newark-Jersey City, NY-NJ-PA","36","New York","005","Bronx","40.816","-73.902"
"04/05/2022","AQS","360050110","3","15","ug/m3 SC","14","IS 52","1","100.0000","81102","PM10 Total 0-10um STP","35620","New York-Newark-Jersey City, NY-NJ-PA","36","New York","005","Bronx","40.816","-73.902"
"04/11/2022","AQS","360050110","3","9","ug/m3 SC","8","IS 52","1","100.0000","81102","PM10 Total 0-10um STP","35620","New York-Newark-Jersey City, NY-NJ-PA","36","New York","005","Bronx","40.816","-73.902"
"04/17/2022","AQS","360050110","3","2","ug/m3 SC","2","IS 52","1","100.0000","81102","PM10 Total 0-10um STP","35620","New York-Newark-Jersey City, NY-NJ-PA","36","New York","005","Bronx","40.816","-73.902"
"04/23/2022","AQS","360050110","3","7","ug/m3 SC","6","IS 52","1","100.0000","81102","PM10 Total 0-10um STP","35620","New York-Newark-Jersey City, NY-NJ-PA","36","New York","005","Bronx","40.816","-73.902"
"04/29/2022","AQS","360050110","3","7","ug/m3 SC","6","IS 52","1","100.0000","81102","PM10 Total 0-10um STP","35620","New York-Newark-Jersey City, NY-NJ-PA","36","New York","005","Bronx","40.816","-73.902"
"05/05/2022","AQS","360050110","3","12","ug/m3 SC","11","IS 52","1","100.0000","81102","PM10 Total 0-10um STP","35620","New York-Newark-Jersey City, NY-NJ-PA","36","New York","005","Bronx","40.816","-73.902"
"05/11/2022","AQS","360050110","3","16","ug/m3 SC","15","IS 52","1","100.0000","81102","PM10 Total 0-10um STP","35620","New York-Newark-Jersey City, NY-NJ-PA","36","New York","005","Bronx","40.816","-73.902"
"05/17/2022","AQS","360050110","3","12","ug/m3 SC","11","IS 52","1","100.0000","81102","PM10 Total 0-10um STP","35620","New York-Newark-Jersey City, NY-NJ-PA","36","New York","005","Bronx","40.816","-73.902"
"05/23/2022","AQS","360050110","3","11","ug/m3 SC","10","IS 52","1","100.0000","81102","PM10 Total 0-10um STP","35620","New York-Newark-Jersey City, NY-NJ-PA","36","New York","005","Bronx","40.816","-73.902"
"05/29/2022","AQS","360050110","3","13","ug/m3 SC","12","IS 52","1","100.0000","81102","PM10 Total 0-10um STP","35620","New York-Newark-Jersey City, NY-NJ-PA","36","New York","005","Bronx","40.816","-73.902"
"06/04/2022","AQS","360050110","3","23","ug/m3 SC","21","IS 52","1","100.0000","81102","PM10 Total 0-10um STP","35620","New York-Newark-Jersey City, NY-NJ-PA","36","New York","005","Bronx","40.816","-73.902"
"06/10/2022","AQS","360050110","3","8","ug/m3 SC","7","IS 52","1","100.0000","81102","PM10 Total 0-10um STP","35620","New York-Newark-Jersey City, NY-NJ-PA","36","New York","005","Bronx","40.816","-73.902"
"06/16/2022","AQS","360050110","3","16","ug/m3 SC","15","IS 52","1","100.0000","81102","PM10 Total 0-10um STP","35620","New York-Newark-Jersey City, NY-NJ-PA","36","New York","005","Bronx","40.816","-73.902"
"06/22/2022","AQS","360050110","3","18","ug/m3 SC","17","IS 52","1","100.0000","81102","PM10 Total 0-10um STP","35620","New York-Newark-Jersey City, NY-NJ-PA","36","New York","005","Bronx","40.816","-73.902"
"07/04/2022","AQS","360050110","3","19","ug/m3 SC","18","IS 52","1","100.0000","81102","PM10 Total 0-10um STP","35620","New York-Newark-Jersey City, NY-NJ-PA","36","New York","005","Bronx","40.816","-73.902"
"07/10/2022","AQS","360050110","3","11","ug/m3 SC","10","IS 52","1","100.0000","81102","PM10 Total 0-10um STP","35620","New York-Newark-Jersey City, NY-NJ-PA","36","New York","005","Bronx","40.816","-73.902"
"07/16/2022","AQS","360050110","3","15","ug/m3 SC","14","IS 52","1","100.0000","81102","PM10 Total 0-10um STP","35620","New York-Newark-Jersey City, NY-NJ-PA","36","New York","005","Bronx","40.816","-73.902"
"07/22/2022","AQS","360050110","3","19","ug/m3 SC","18","IS 52","1","100.0000","81102","PM10 Total 0-10um STP","35620","New York-Newark-Jersey City, NY-NJ-PA","36","New York","005","Bronx","40.816","-73.902"
"07/28/2022","AQS","360050110","3","18","ug/m3 SC","17","IS 52","1","100.0000","81102","PM10 Total 0-10um STP","35620","New York-Newark-Jersey City, NY-NJ-PA","36","New York","005","Bronx","40.816","-73.902"
"08/03/2022","AQS","360050110","3","13","ug/m3 SC","12","IS 52","1","100.0000","81102","PM10 Total 0-10um STP","35620","New York-Newark-Jersey City, NY-NJ-PA","36","New York","005","Bronx","40.816","-73.902"
"08/09/2022","AQS","360050110","3","17","ug/m3 SC","16","IS 52","1","100.0000","81102","PM10 Total 0-10um STP","35620","New York-Newark-Jersey City, NY-NJ-PA","36","New York","005","Bronx","40.816","-73.902"
"08/15/2022","AQS","360050110","3","13","ug/m3 SC","12","IS 52","1","100.0000","81102","PM10 Total 0-10um STP","35620","New York-Newark-Jersey City, NY-NJ-PA","36","New York","005","Bronx","40.816","-73.902"
"08/21/2022","AQS","360050110","3","11","ug/m3 SC","10","IS 52","1","100.0000","81102","PM10 Total 0-10um STP","35620","New York-Newark-Jersey City, NY-NJ-PA","36","New York","005","Bronx","40.816","-73.902"
"08/27/2022","AQS","360050110","3","17","ug/m3 SC","16","IS 52","1","100.0000","81102","PM10 Total 0-10um STP","35620","New York-Newark-Jersey City, NY-NJ-PA","36","New York","005","Bronx","40.816","-73.902"
"09/02/2022","AQS","360050110","3","11","ug/m3 SC","10","IS 52","1","100.0000","81102","PM10 Total 0-10um STP","35620","New York-Newark-Jersey City, NY-NJ-PA","36","New York","005","Bronx","40.816","-73.902"
"09/08/2022","AQS","360050110","3","12","ug/m3 SC","11","IS 52","1","100.0000","81102","PM10 Total 0-10um STP","35620","New York-Newark-Jersey City, NY-NJ-PA","36","New York","005","Bronx","40.816","-73.902"
"09/14/2022","AQS","360050110","3","12","ug/m3 SC","11","IS 52","1","100.0000","81102","PM10 Total 0-10um STP","35620","New York-Newark-Jersey City, NY-NJ-PA","36","New York","005","Bronx","40.816","-73.902"
"09/20/2022","AQS","360050110","3","10","ug/m3 SC","9","IS 52","1","100.0000","81102","PM10 Total 0-10um STP","35620","New York-Newark-Jersey City, NY-NJ-PA","36","New York","005","Bronx","40.816","-73.902"
"09/26/2022","AQS","360050110","3","9","ug/m3 SC","8","IS 52","1","100.0000","81102","PM10 Total 0-10um STP","35620","New York-Newark-Jersey City, NY-NJ-PA","36","New York","005","Bronx","40.816","-73.902"
"10/02/2022","AQS","360050110","3","8","ug/m3 SC","7","IS 52","1","100.0000","81102","PM10 Total 0-10um STP","35620","New York-Newark-Jersey City, NY-NJ-PA","36","New York","005","Bronx","40.816","-73.902"
"10/08/2022","AQS","360050110","3","3","ug/m3 SC","3","IS 52","1","100.0000","81102","PM10 Total 0-10um STP","35620","New York-Newark-Jersey City, NY-NJ-PA","36","New York","005","Bronx","40.816","-73.902"
"10/14/2022","AQS","360050110","3","13","ug/m3 SC","12","IS 52","1","100.0000","81102","PM10 Total 0-10um STP","35620","New York-Newark-Jersey City, NY-NJ-PA","36","New York","005","Bronx","40.816","-73.902"
"10/20/2022","AQS","360050110","3","11","ug/m3 SC","10","IS 52","1","100.0000","81102","PM10 Total 0-10um STP","35620","New York-Newark-Jersey City, NY-NJ-PA","36","New York","005","Bronx","40.816","-73.902"
"10/26/2022","AQS","360050110","3","9","ug/m3 SC","8","IS 52","1","100.0000","81102","PM10 Total 0-10um STP","35620","New York-Newark-Jersey City, NY-NJ-PA","36","New York","005","Bronx","40.816","-73.902"
"11/01/2022","AQS","360050110","3","11","ug/m3 SC","10","IS 52","1","100.0000","81102","PM10 Total 0-10um STP","35620","New York-Newark-Jersey City, NY-NJ-PA","36","New York","005","Bronx","40.816","-73.902"
"11/07/2022","AQS","360050110","3","15","ug/m3 SC","14","IS 52","1","100.0000","81102","PM10 Total 0-10um STP","35620","New York-Newark-Jersey City, NY-NJ-PA","36","New York","005","Bronx","40.816","-73.902"
"11/13/2022","AQS","360050110","3","4","ug/m3 SC","4","IS 52","1","100.0000","81102","PM10 Total 0-10um STP","35620","New York-Newark-Jersey City, NY-NJ-PA","36","New York","005","Bronx","40.816","-73.902"
"11/19/2022","AQS","360050110","3","9","ug/m3 SC","8","IS 52","1","100.0000","81102","PM10 Total 0-10um STP","35620","New York-Newark-Jersey City, NY-NJ-PA","36","New York","005","Bronx","40.816","-73.902"
"11/25/2022","AQS","360050110","3","11","ug/m3 SC","10","IS 52","1","100.0000","81102","PM10 Total 0-10um STP","35620","New York-Newark-Jersey City, NY-NJ-PA","36","New York","005","Bronx","40.816","-73.902"
"12/01/2022","AQS","360050110","3","4","ug/m3 SC","4","IS 52","1","100.0000","81102","PM10 Total 0-10um STP","35620","New York-Newark-Jersey City, NY-NJ-PA","36","New York","005","Bronx","40.816","-73.902"
"12/07/2022","AQS","360050110","3","13","ug/m3 SC","12","IS 52","1","100.0000","81102","PM10 Total 0-10um STP","35620","New York-Newark-Jersey City, NY-NJ-PA","36","New York","005","Bronx","40.816","-73.902"
"12/13/2022","AQS","360050110","3","9","ug/m3 SC","8","IS 52","1","100.0000","81102","PM10 Total 0-10um STP","35620","New York-Newark-Jersey City, NY-NJ-PA","36","New York","005","Bronx","40.816","-73.902"
"12/19/2022","AQS","360050110","3","6","ug/m3 SC","6","IS 52","1","100.0000","81102","PM10 Total 0-10um STP","35620","New York-Newark-Jersey City, NY-NJ-PA","36","New York","005","Bronx","40.816","-73.902"
"12/25/2022","AQS","360050110","3","10","ug/m3 SC","9","IS 52","1","100.0000","81102","PM10 Total 0-10um STP","35620","New York-Newark-Jersey City, NY-NJ-PA","36","New York","005","Bronx","40.816","-73.902"
"12/31/2022","AQS","360050110","3","25","ug/m3 SC","23","IS 52","1","100.0000","81102","PM10 Total 0-10um STP","35620","New York-Newark-Jersey City, NY-NJ-PA","36","New York","005","Bronx","40.816","-73.902"
"01/05/2022","AQS","360050110","5","11","ug/m3 SC","10","IS 52","1","100.0000","81102","PM10 Total 0-10um STP","35620","New York-Newark-Jersey City, NY-NJ-PA","36","New York","005","Bronx","40.816","-73.902"
"01/11/2022","AQS","360050110","5","11","ug/m3 SC","10","IS 52","1","100.0000","81102","PM10 Total 0-10um STP","35620","New York-Newark-Jersey City, NY-NJ-PA","36","New York","005","Bronx","40.816","-73.902"
"01/17/2022","AQS","360050110","5","8","ug/m3 SC","7","IS 52","1","100.0000","81102","PM10 Total 0-10um STP","35620","New York-Newark-Jersey City, NY-NJ-PA","36","New York","005","Bronx","40.816","-73.902"
"01/23/2022","AQS","360050110","5","15","ug/m3 SC","14","IS 52","1","100.0000","81102","PM10 Total 0-10um STP","35620","New York-Newark-Jersey City, NY-NJ-PA","36","New York","005","Bronx","40.816","-73.902"
"01/29/2022","AQS","360050110","5","8","ug/m3 SC","7","IS 52","1","100.0000","81102","PM10 Total 0-10um STP","35620","New York-Newark-Jersey City, NY-NJ-PA","36","New York","005","Bronx","40.816","-73.902"
"02/04/2022","AQS","360050110","5","7","ug/m3 SC","6","IS 52","1","100.0000","81102","PM10 Total 0-10um STP","35620","New York-Newark-Jersey City, NY-NJ-PA","36","New York","005","Bronx","40.816","-73.902"
"02/10/2022","AQS","360050110","5","19","ug/m3 SC","18","IS 52","1","100.0000","81102","PM10 Total 0-10um STP","35620","New York-Newark-Jersey City, NY-NJ-PA","36","New York","005","Bronx","40.816","-73.902"
"02/16/2022","AQS","360050110","5","20","ug/m3 SC","19","IS 52","1","100.0000","81102","PM10 Total 0-10um STP","35620","New York-Newark-Jersey City, NY-NJ-PA","36","New York","005","Bronx","40.816","-73.902"
"02/22/2022","AQS","360050110","5","24","ug/m3 SC","22","IS 52","1","100.0000","81102","PM10 Total 0-10um STP","35620","New York-Newark-Jersey City, NY-NJ-PA","36","New York","005","Bronx","40.816","-73.902"
"02/28/2022","AQS","360050110","5","5","ug/m3 SC","5","IS 52","1","100.0000","81102","PM10 Total 0-10um STP","35620","New York-Newark-Jersey City, NY-NJ-PA","36","New York","005","Bronx","40.816","-73.902"
"03/06/2022","AQS","360050110","5","23","ug/m3 SC","21","IS 52","1","100.0000","81102","PM10 Total 0-10um STP","35620","New York-Newark-Jersey City, NY-NJ-PA","36","New York","005","Bronx","40.816","-73.902"
"03/12/2022","AQS","360050110","5","9","ug/m3 SC","8","IS 52","1","100.0000","81102","PM10 Total 0-10um STP","35620","New York-Newark-Jersey City, NY-NJ-PA","36","New York","005","Bronx","40.816","-73.902"
"03/18/2022","AQS","360050110","5","17","ug/m3 SC","16","IS 52","1","100.0000","81102","PM10 Total 0-10um STP","35620","New York-Newark-Jersey City, NY-NJ-PA","36","New York","005","Bronx","40.816","-73.902"
"03/24/2022","AQS","360050110","5","4","ug/m3 SC","4","IS 52","1","100.0000","81102","PM10 Total 0-10um STP","35620","New York-Newark-Jersey City, NY-NJ-PA","36","New York","005","Bronx","40.816","-73.902"
"03/30/2022","AQS","360050110","5","13","ug/m3 SC","12","IS 52","1","100.0000","81102","PM10 Total 0-10um STP","35620","New York-Newark-Jersey City, NY-NJ-PA","36","New York","005","Bronx","40.816","-73.902"
"04/05/2022","AQS","360050110","5","15","ug/m3 SC","14","IS 52","1","100.0000","81102","PM10 Total 0-10um STP","35620","New York-Newark-Jersey City, NY-NJ-PA","36","New York","005","Bronx","40.816","-73.902"
"04/11/2022","AQS","360050110","5","8","ug/m3 SC","7","IS 52","1","100.0000","81102","PM10 Total 0-10um STP","35620","New York-Newark-Jersey City, NY-NJ-PA","36","New York","005","Bronx","40.816","-73.902"
"04/17/2022","AQS","360050110","5","3","ug/m3 SC","3","IS 52","1","100.0000","81102","PM10 Total 0-10um STP","35620","New York-Newark-Jersey City, NY-NJ-PA","36","New York","005","Bronx","40.816","-73.902"
"05/11/2022","AQS","360050110","5","16","ug/m3 SC","15","IS 52","1","100.0000","81102","PM10 Total 0-10um STP","35620","New York-Newark-Jersey City, NY-NJ-PA","36","New York","005","Bronx","40.816","-73.902"
"05/17/2022","AQS","360050110","5","10","ug/m3 SC","9","IS 52","1","100.0000","81102","PM10 Total 0-10um STP","35620","New York-Newark-Jersey City, NY-NJ-PA","36","New York","005","Bronx","40.816","-73.902"
"05/23/2022","AQS","360050110","5","10","ug/m3 SC","9","IS 52","1","100.0000","81102","PM10 Total 0-10um STP","35620","New York-Newark-Jersey City, NY-NJ-PA","36","New York","005","Bronx","40.816","-73.902"
"05/29/2022","AQS","360050110","5","13","ug/m3 SC","12","IS 52","1","100.0000","81102","PM10 Total 0-10um STP","35620","New York-Newark-Jersey City, NY-NJ-PA","36","New York","005","Bronx","40.816","-73.902"
"06/04/2022","AQS","360050110","5","19","ug/m3 SC","18","IS 52","1","100.0000","81102","PM10 Total 0-10um STP","35620","New York-Newark-Jersey City, NY-NJ-PA","36","New York","005","Bronx","40.816","-73.902"
"06/10/2022","AQS","360050110","5","11","ug/m3 SC","10","IS 52","1","100.0000","81102","PM10 Total 0-10um STP","35620","New York-Newark-Jersey City, NY-NJ-PA","36","New York","005","Bronx","40.816","-73.902"
"06/16/2022","AQS","360050110","5","13","ug/m3 SC","12","IS 52","1","100.0000","81102","PM10 Total 0-10um STP","35620","New York-Newark-Jersey City, NY-NJ-PA","36","New York","005","Bronx","40.816","-73.902"
"06/22/2022","AQS","360050110","5","16","ug/m3 SC","15","IS 52","1","100.0000","81102","PM10 Total 0-10um STP","35620","New York-Newark-Jersey City, NY-NJ-PA","36","New York","005","Bronx","40.816","-73.902"
"06/28/2022","AQS","360050110","5","11","ug/m3 SC","10","IS 52","1","100.0000","81102","PM10 Total 0-10um STP","35620","New York-Newark-Jersey City, NY-NJ-PA","36","New York","005","Bronx","40.816","-73.902"
"07/04/2022","AQS","360050110","5","20","ug/m3 SC","19","IS 52","1","100.0000","81102","PM10 Total 0-10um STP","35620","New York-Newark-Jersey City, NY-NJ-PA","36","New York","005","Bronx","40.816","-73.902"
"07/10/2022","AQS","360050110","5","11","ug/m3 SC","10","IS 52","1","100.0000","81102","PM10 Total 0-10um STP","35620","New York-Newark-Jersey City, NY-NJ-PA","36","New York","005","Bronx","40.816","-73.902"
"07/16/2022","AQS","360050110","5","15","ug/m3 SC","14","IS 52","1","100.0000","81102","PM10 Total 0-10um STP","35620","New York-Newark-Jersey City, NY-NJ-PA","36","New York","005","Bronx","40.816","-73.902"
"07/22/2022","AQS","360050110","5","20","ug/m3 SC","19","IS 52","1","100.0000","81102","PM10 Total 0-10um STP","35620","New York-Newark-Jersey City, NY-NJ-PA","36","New York","005","Bronx","40.816","-73.902"
"07/28/2022","AQS","360050110","5","18","ug/m3 SC","17","IS 52","1","100.0000","81102","PM10 Total 0-10um STP","35620","New York-Newark-Jersey City, NY-NJ-PA","36","New York","005","Bronx","40.816","-73.902"
"08/09/2022","AQS","360050110","5","16","ug/m3 SC","15","IS 52","1","100.0000","81102","PM10 Total 0-10um STP","35620","New York-Newark-Jersey City, NY-NJ-PA","36","New York","005","Bronx","40.816","-73.902"
"08/15/2022","AQS","360050110","5","13","ug/m3 SC","12","IS 52","1","100.0000","81102","PM10 Total 0-10um STP","35620","New York-Newark-Jersey City, NY-NJ-PA","36","New York","005","Bronx","40.816","-73.902"
"08/21/2022","AQS","360050110","5","11","ug/m3 SC","10","IS 52","1","100.0000","81102","PM10 Total 0-10um STP","35620","New York-Newark-Jersey City, NY-NJ-PA","36","New York","005","Bronx","40.816","-73.902"
"08/27/2022","AQS","360050110","5","16","ug/m3 SC","15","IS 52","1","100.0000","81102","PM10 Total 0-10um STP","35620","New York-Newark-Jersey City, NY-NJ-PA","36","New York","005","Bronx","40.816","-73.902"
"09/02/2022","AQS","360050110","5","12","ug/m3 SC","11","IS 52","1","100.0000","81102","PM10 Total 0-10um STP","35620","New York-Newark-Jersey City, NY-NJ-PA","36","New York","005","Bronx","40.816","-73.902"
"09/08/2022","AQS","360050110","5","13","ug/m3 SC","12","IS 52","1","100.0000","81102","PM10 Total 0-10um STP","35620","New York-Newark-Jersey City, NY-NJ-PA","36","New York","005","Bronx","40.816","-73.902"
"09/14/2022","AQS","360050110","5","11","ug/m3 SC","10","IS 52","1","100.0000","81102","PM10 Total 0-10um STP","35620","New York-Newark-Jersey City, NY-NJ-PA","36","New York","005","Bronx","40.816","-73.902"
"09/20/2022","AQS","360050110","5","9","ug/m3 SC","8","IS 52","1","100.0000","81102","PM10 Total 0-10um STP","35620","New York-Newark-Jersey City, NY-NJ-PA","36","New York","005","Bronx","40.816","-73.902"
"09/26/2022","AQS","360050110","5","9","ug/m3 SC","8","IS 52","1","100.0000","81102","PM10 Total 0-10um STP","35620","New York-Newark-Jersey City, NY-NJ-PA","36","New York","005","Bronx","40.816","-73.902"
"10/02/2022","AQS","360050110","5","8","ug/m3 SC","7","IS 52","1","100.0000","81102","PM10 Total 0-10um STP","35620","New York-Newark-Jersey City, NY-NJ-PA","36","New York","005","Bronx","40.816","-73.902"
"10/08/2022","AQS","360050110","5","4","ug/m3 SC","4","IS 52","1","100.0000","81102","PM10 Total 0-10um STP","35620","New York-Newark-Jersey City, NY-NJ-PA","36","New York","005","Bronx","40.816","-73.902"
"10/14/2022","AQS","360050110","5","12","ug/m3 SC","11","IS 52","1","100.0000","81102","PM10 Total 0-10um STP","35620","New York-Newark-Jersey City, NY-NJ-PA","36","New York","005","Bronx","40.816","-73.902"
"10/20/2022","AQS","360050110","5","12","ug/m3 SC","11","IS 52","1","100.0000","81102","PM10 Total 0-10um STP","35620","New York-Newark-Jersey City, NY-NJ-PA","36","New York","005","Bronx","40.816","-73.902"
"10/26/2022","AQS","360050110","5","9","ug/m3 SC","8","IS 52","1","100.0000","81102","PM10 Total 0-10um STP","35620","New York-Newark-Jersey City, NY-NJ-PA","36","New York","005","Bronx","40.816","-73.902"
"11/01/2022","AQS","360050110","5","11","ug/m3 SC","10","IS 52","1","100.0000","81102","PM10 Total 0-10um STP","35620","New York-Newark-Jersey City, NY-NJ-PA","36","New York","005","Bronx","40.816","-73.902"
"11/07/2022","AQS","360050110","5","14","ug/m3 SC","13","IS 52","1","100.0000","81102","PM10 Total 0-10um STP","35620","New York-Newark-Jersey City, NY-NJ-PA","36","New York","005","Bronx","40.816","-73.902"
"11/13/2022","AQS","360050110","5","3","ug/m3 SC","3","IS 52","1","100.0000","81102","PM10 Total 0-10um STP","35620","New York-Newark-Jersey City, NY-NJ-PA","36","New York","005","Bronx","40.816","-73.902"
"11/19/2022","AQS","360050110","5","9","ug/m3 SC","8","IS 52","1","100.0000","81102","PM10 Total 0-10um STP","35620","New York-Newark-Jersey City, NY-NJ-PA","36","New York","005","Bronx","40.816","-73.902"
"11/25/2022","AQS","360050110","5","11","ug/m3 SC","10","IS 52","1","100.0000","81102","PM10 Total 0-10um STP","35620","New York-Newark-Jersey City, NY-NJ-PA","36","New York","005","Bronx","40.816","-73.902"
"12/01/2022","AQS","360050110","5","6","ug/m3 SC","6","IS 52","1","100.0000","81102","PM10 Total 0-10um STP","35620","New York-Newark-Jersey City, NY-NJ-PA","36","New York","005","Bronx","40.816","-73.902"
"12/07/2022","AQS","360050110","5","13","ug/m3 SC","12","IS 52","1","100.0000","81102","PM10 Total 0-10um STP","35620","New York-Newark-Jersey City, NY-NJ-PA","36","New York","005","Bronx","40.816","-73.902"
"12/13/2022","AQS","360050110","5","10","ug/m3 SC","9","IS 52","1","100.0000","81102","PM10 Total 0-10um STP","35620","New York-Newark-Jersey City, NY-NJ-PA","36","New York","005","Bronx","40.816","-73.902"
"12/19/2022","AQS","360050110","5","6","ug/m3 SC","6","IS 52","1","100.0000","81102","PM10 Total 0-10um STP","35620","New York-Newark-Jersey City, NY-NJ-PA","36","New York","005","Bronx","40.816","-73.902"
"12/25/2022","AQS","360050110","5","9","ug/m3 SC","8","IS 52","1","100.0000","81102","PM10 Total 0-10um STP","35620","New York-Newark-Jersey City, NY-NJ-PA","36","New York","005","Bronx","40.816","-73.902"
"12/31/2022","AQS","360050110","5","26","ug/m3 SC","24","IS 52","1","100.0000","81102","PM10 Total 0-10um STP","35620","New York-Newark-Jersey City, NY-NJ-PA","36","New York","005","Bronx","40.816","-73.902"
"01/05/2022","AQS","360290005","1","12","ug/m3 SC","11","BUFFALO","1","100.0000","81102","PM10 Total 0-10um STP","15380","Buffalo-Cheektowaga-Niagara Falls, NY","36","New York","029","Erie","42.8769066671345","-78.8095260117327"
"01/11/2022","AQS","360290005","1","14","ug/m3 SC","13","BUFFALO","1","100.0000","81102","PM10 Total 0-10um STP","15380","Buffalo-Cheektowaga-Niagara Falls, NY","36","New York","029","Erie","42.8769066671345","-78.8095260117327"
"01/17/2022","AQS","360290005","1","4","ug/m3 SC","4","BUFFALO","1","100.0000","81102","PM10 Total 0-10um STP","15380","Buffalo-Cheektowaga-Niagara Falls, NY","36","New York","029","Erie","42.8769066671345","-78.8095260117327"
"01/23/2022","AQS","360290005","1","7","ug/m3 SC","6","BUFFALO","1","100.0000","81102","PM10 Total 0-10um STP","15380","Buffalo-Cheektowaga-Niagara Falls, NY","36","New York","029","Erie","42.8769066671345","-78.8095260117327"
"01/29/2022","AQS","360290005","1","11","ug/m3 SC","10","BUFFALO","1","100.0000","81102","PM10 Total 0-10um STP","15380","Buffalo-Cheektowaga-Niagara Falls, NY","36","New York","029","Erie","42.8769066671345","-78.8095260117327"
"02/04/2022","AQS","360290005","1","5","ug/m3 SC","5","BUFFALO","1","100.0000","81102","PM10 Total 0-10um STP","15380","Buffalo-Cheektowaga-Niagara Falls, NY","36","New York","029","Erie","42.8769066671345","-78.8095260117327"
"02/10/2022","AQS","360290005","1","8","ug/m3 SC","7","BUFFALO","1","100.0000","81102","PM10 Total 0-10um STP","15380","Buffalo-Cheektowaga-Niagara Falls, NY","36","New York","029","Erie","42.8769066671345","-78.8095260117327"
"02/16/2022","AQS","360290005","1","24","ug/m3 SC","22","BUFFALO","1","100.0000","81102","PM10 Total 0-10um STP","15380","Buffalo-Cheektowaga-Niagara Falls, NY","36","New York","029","Erie","42.8769066671345","-78.8095260117327"
"02/22/2022","AQS","360290005","1","13","ug/m3 SC","12","BUFFALO","1","100.0000","81102","PM10 Total 0-10um STP","15380","Buffalo-Cheektowaga-Niagara Falls, NY","36","New York","029","Erie","42.8769066671345","-78.8095260117327"
"02/28/2022","AQS","360290005","1","15","ug/m3 SC","14","BUFFALO","1","100.0000","81102","PM10 Total 0-10um STP","15380","Buffalo-Cheektowaga-Niagara Falls, NY","36","New York","029","Erie","42.8769066671345","-78.8095260117327"
"03/06/2022","AQS","360290005","1","15","ug/m3 SC","14","BUFFALO","1","100.0000","81102","PM10 Total 0-10um STP","15380","Buffalo-Cheektowaga-Niagara Falls, NY","36","New York","029","Erie","42.8769066671345","-78.8095260117327"
"03/12/2022","AQS","360290005","1","9","ug/m3 SC","8","BUFFALO","1","100.0000","81102","PM10 Total 0-10um STP","15380","Buffalo-Cheektowaga-Niagara Falls, NY","36","New York","029","Erie","42.8769066671345","-78.8095260117327"
"03/18/2022","AQS","360290005","1","55","ug/m3 SC","51","BUFFALO","1","100.0000","81102","PM10 Total 0-10um STP","15380","Buffalo-Cheektowaga-Niagara Falls, NY","36","New York","029","Erie","42.8769066671345","-78.8095260117327"
"03/30/2022","AQS","360290005","1","32","ug/m3 SC","30","BUFFALO","1","100.0000","81102","PM10 Total 0-10um STP","15380","Buffalo-Cheektowaga-Niagara Falls, NY","36","New York","029","Erie","42.8769066671345","-78.8095260117327"
"04/05/2022","AQS","360290005","1","25","ug/m3 SC","23","BUFFALO","1","100.0000","81102","PM10 Total 0-10um STP","15380","Buffalo-Cheektowaga-Niagara Falls, NY","36","New York","029","Erie","42.8769066671345","-78.8095260117327"
"04/11/2022","AQS","360290005","1","23","ug/m3 SC","21","BUFFALO","1","100.0000","81102","PM10 Total 0-10um STP","15380","Buffalo-Cheektowaga-Niagara Falls, NY","36","New York","029","Erie","42.8769066671345","-78.8095260117327"
"04/17/2022","AQS","360290005","1","6","ug/m3 SC","6","BUFFALO","1","100.0000","81102","PM10 Total 0-10um STP","15380","Buffalo-Cheektowaga-Niagara Falls, NY","36","New York","029","Erie","42.8769066671345","-78.8095260117327"
"04/23/2022","AQS","360290005","1","13","ug/m3 SC","12","BUFFALO","1","100.0000","81102","PM10 Total 0-10um STP","15380","Buffalo-Cheektowaga-Niagara Falls, NY","36","New York","029","Erie","42.8769066671345","-78.8095260117327"
"04/29/2022","AQS","360290005","1","64","ug/m3 SC","55","BUFFALO","1","100.0000","81102","PM10 Total 0-10um STP","15380","Buffalo-Cheektowaga-Niagara Falls, NY","36","New York","029","Erie","42.8769066671345","-78.8095260117327"
"05/05/2022","AQS","360290005","1","6","ug/m3 SC","6","BUFFALO","1","100.0000","81102","PM10 Total 0-10um STP","15380","Buffalo-Cheektowaga-Niagara Falls, NY","36","New York","029","Erie","42.8769066671345","-78.8095260117327"
"05/11/2022","AQS","360290005","1","36","ug/m3 SC","33","BUFFALO","1","100.0000","81102","PM10 Total 0-10um STP","15380","Buffalo-Cheektowaga-Niagara Falls, NY","36","New York","029","Erie","42.8769066671345","-78.8095260117327"
"05/17/2022","AQS","360290005","1","8","ug/m3 SC","7","BUFFALO","1","100.0000","81102","PM10 Total 0-10um STP","15380","Buffalo-Cheektowaga-Niagara Falls, NY","36","New York","029","Erie","42.8769066671345","-78.8095260117327"
"05/23/2022","AQS","360290005","1","8","ug/m3 SC","7","BUFFALO","1","100.0000","81102","PM10 Total 0-10um STP","15380","Buffalo-Cheektowaga-Niagara Falls, NY","36","New York","029","Erie","42.8769066671345","-78.8095260117327"
"05/29/2022","AQS","360290005","1","15","ug/m3 SC","14","BUFFALO","1","100.0000","81102","PM10 Total 0-10um STP","15380","Buffalo-Cheektowaga-Niagara Falls, NY","36","New York","029","Erie","42.8769066671345","-78.8095260117327"
"06/10/2022","AQS","360290005","1","8","ug/m3 SC","7","BUFFALO","1","100.0000","81102","PM10 Total 0-10um STP","15380","Buffalo-Cheektowaga-Niagara Falls, NY","36","New York","029","Erie","42.8769066671345","-78.8095260117327"
"06/16/2022","AQS","360290005","1","60","ug/m3 SC","53","BUFFALO","1","100.0000","81102","PM10 Total 0-10um STP","15380","Buffalo-Cheektowaga-Niagara Falls, NY","36","New York","029","Erie","42.8769066671345","-78.8095260117327"
"06/22/2022","AQS","360290005","1","25","ug/m3 SC","23","BUFFALO","1","100.0000","81102","PM10 Total 0-10um STP","15380","Buffalo-Cheektowaga-Niagara Falls, NY","36","New York","029","Erie","42.8769066671345","-78.8095260117327"
"06/28/2022","AQS","360290005","1","9","ug/m3 SC","8","BUFFALO","1","100.0000","81102","PM10 Total 0-10um STP","15380","Buffalo-Cheektowaga-Niagara Falls, NY","36","New York","029","Erie","42.8769066671345","-78.8095260117327"
"07/04/2022","AQS","360290005","1","56","ug/m3 SC","51","BUFFALO","1","100.0000","81102","PM10 Total 0-10um STP","15380","Buffalo-Cheektowaga-Niagara Falls, NY","36","New York","029","Erie","42.8769066671345","-78.8095260117327"
"07/10/2022","AQS","360290005","1","10","ug/m3 SC","9","BUFFALO","1","100.0000","81102","PM10 Total 0-10um STP","15380","Buffalo-Cheektowaga-Niagara Falls, NY","36","New York","029","Erie","42.8769066671345","-78.8095260117327"
"07/16/2022","AQS","360290005","1","14","ug/m3 SC","13","BUFFALO","1","100.0000","81102","PM10 Total 0-10um STP","15380","Buffalo-Cheektowaga-Niagara Falls, NY","36","New York","029","Erie","42.8769066671345","-78.8095260117327"
"07/22/2022","AQS","360290005","1","15","ug/m3 SC","14","BUFFALO","1","100.0000","81102","PM10 Total 0-10um STP","15380","Buffalo-Cheektowaga-Niagara Falls, NY","36","New York","029","Erie","42.8769066671345","-78.8095260117327"
"07/28/2022","AQS","360290005","1","13","ug/m3 SC","12","BUFFALO","1","100.0000","81102","PM10 Total 0-10um STP","15380","Buffalo-Cheektowaga-Niagara Falls, NY","36","New York","029","Erie","42.8769066671345","-78.8095260117327"
"08/03/2022","AQS","360290005","1","16","ug/m3 SC","15","BUFFALO","1","100.0000","81102","PM10 Total 0-10um STP","15380","Buffalo-Cheektowaga-Niagara Falls, NY","36","New York","029","Erie","42.8769066671345","-78.8095260117327"
"08/09/2022","AQS","360290005","1","9","ug/m3 SC","8","BUFFALO","1","100.0000","81102","PM10 Total 0-10um STP","15380","Buffalo-Cheektowaga-Niagara Falls, NY","36","New York","029","Erie","42.8769066671345","-78.8095260117327"
"08/15/2022","AQS","360290005","1","20","ug/m3 SC","19","BUFFALO","1","100.0000","81102","PM10 Total 0-10um STP","15380","Buffalo-Cheektowaga-Niagara Falls, NY","36","New York","029","Erie","42.8769066671345","-78.8095260117327"
"08/21/2022","AQS","360290005","1","9","ug/m3 SC","8","BUFFALO","1","100.0000","81102","PM10 Total 0-10um STP","15380","Buffalo-Cheektowaga-Niagara Falls, NY","36","New York","029","Erie","42.8769066671345","-78.8095260117327"
"08/27/2022","AQS","360290005","1","8","ug/m3 SC","7","BUFFALO","1","100.0000","81102","PM10 Total 0-10um STP","15380","Buffalo-Cheektowaga-Niagara Falls, NY","36","New York","029","Erie","42.8769066671345","-78.8095260117327"
"09/02/2022","AQS","360290005","1","12","ug/m3 SC","11","BUFFALO","1","100.0000","81102","PM10 Total 0-10um STP","15380","Buffalo-Cheektowaga-Niagara Falls, NY","36","New York","029","Erie","42.8769066671345","-78.8095260117327"
"09/08/2022","AQS","360290005","1","15","ug/m3 SC","14","BUFFALO","1","100.0000","81102","PM10 Total 0-10um STP","15380","Buffalo-Cheektowaga-Niagara Falls, NY","36","New York","029","Erie","42.8769066671345","-78.8095260117327"
"09/20/2022","AQS","360290005","1","12","ug/m3 SC","11","BUFFALO","1","100.0000","81102","PM10 Total 0-10um STP","15380","Buffalo-Cheektowaga-Niagara Falls, NY","36","New York","029","Erie","42.8769066671345","-78.8095260117327"
"09/26/2022","AQS","360290005","1","4","ug/m3 SC","4","BUFFALO","1","100.0000","81102","PM10 Total 0-10um STP","15380","Buffalo-Cheektowaga-Niagara Falls, NY","36","New York","029","Erie","42.8769066671345","-78.8095260117327"
"10/02/2022","AQS","360290005","1","7","ug/m3 SC","6","BUFFALO","1","100.0000","81102","PM10 Total 0-10um STP","15380","Buffalo-Cheektowaga-Niagara Falls, NY","36","New York","029","Erie","42.8769066671345","-78.8095260117327"
"10/08/2022","AQS","360290005","1","5","ug/m3 SC","5","BUFFALO","1","100.0000","81102","PM10 Total 0-10um STP","15380","Buffalo-Cheektowaga-Niagara Falls, NY","36","New York","029","Erie","42.8769066671345","-78.8095260117327"
"10/14/2022","AQS","360290005","1","22","ug/m3 SC","20","BUFFALO","1","100.0000","81102","PM10 Total 0-10um STP","15380","Buffalo-Cheektowaga-Niagara Falls, NY","36","New York","029","Erie","42.8769066671345","-78.8095260117327"
"10/26/2022","AQS","360290005","1","8","ug/m3 SC","7","BUFFALO","1","100.0000","81102","PM10 Total 0-10um STP","15380","Buffalo-Cheektowaga-Niagara Falls, NY","36","New York","029","Erie","42.8769066671345","-78.8095260117327"
"11/01/2022","AQS","360290005","1","17","ug/m3 SC","16","BUFFALO","1","100.0000","81102","PM10 Total 0-10um STP","15380","Buffalo-Cheektowaga-Niagara Falls, NY","36","New York","029","Erie","42.8769066671345","-78.8095260117327"
"11/07/2022","AQS","360290005","1","10","ug/m3 SC","9","BUFFALO","1","100.0000","81102","PM10 Total 0-10um STP","15380","Buffalo-Cheektowaga-Niagara Falls, NY","36","New York","029","Erie","42.8769066671345","-78.8095260117327"
"11/13/2022","AQS","360290005","1","2","ug/m3 SC","2","BUFFALO","1","100.0000","81102","PM10 Total 0-10um STP","15380","Buffalo-Cheektowaga-Niagara Falls, NY","36","New York","029","Erie","42.8769066671345","-78.8095260117327"
"11/19/2022","AQS","360290005","1","8","ug/m3 SC","7","BUFFALO","1","100.0000","81102","PM10 Total 0-10um STP","15380","Buffalo-Cheektowaga-Niagara Falls, NY","36","New York","029","Erie","42.8769066671345","-78.8095260117327"
"11/25/2022","AQS","360290005","1","7","ug/m3 SC","6","BUFFALO","1","100.0000","81102","PM10 Total 0-10um STP","15380","Buffalo-Cheektowaga-Niagara Falls, NY","36","New York","029","Erie","42.8769066671345","-78.8095260117327"
"12/01/2022","AQS","360290005","1","8","ug/m3 SC","7","BUFFALO","1","100.0000","81102","PM10 Total 0-10um STP","15380","Buffalo-Cheektowaga-Niagara Falls, NY","36","New York","029","Erie","42.8769066671345","-78.8095260117327"
"12/07/2022","AQS","360290005","1","16","ug/m3 SC","15","BUFFALO","1","100.0000","81102","PM10 Total 0-10um STP","15380","Buffalo-Cheektowaga-Niagara Falls, NY","36","New York","029","Erie","42.8769066671345","-78.8095260117327"
"12/13/2022","AQS","360290005","1","16","ug/m3 SC","15","BUFFALO","1","100.0000","81102","PM10 Total 0-10um STP","15380","Buffalo-Cheektowaga-Niagara Falls, NY","36","New York","029","Erie","42.8769066671345","-78.8095260117327"
"12/19/2022","AQS","360290005","1","5","ug/m3 SC","5","BUFFALO","1","100.0000","81102","PM10 Total 0-10um STP","15380","Buffalo-Cheektowaga-Niagara Falls, NY","36","New York","029","Erie","42.8769066671345","-78.8095260117327"
"12/25/2022","AQS","360290005","1","1","ug/m3 SC","1","BUFFALO","1","100.0000","81102","PM10 Total 0-10um STP","15380","Buffalo-Cheektowaga-Niagara Falls, NY","36","New York","029","Erie","42.8769066671345","-78.8095260117327"
"01/05/2022","AQS","360551007","1","17","ug/m3 SC","16","ROCHESTER 2","1","100.0000","81102","PM10 Total 0-10um STP","40380","Rochester, NY","36","New York","055","Monroe","43.14618","-77.54817"
"01/29/2022","AQS","360551007","1","6","ug/m3 SC","6","ROCHESTER 2","1","100.0000","81102","PM10 Total 0-10um STP","40380","Rochester, NY","36","New York","055","Monroe","43.14618","-77.54817"
"02/10/2022","AQS","360551007","1","8","ug/m3 SC","7","ROCHESTER 2","1","100.0000","81102","PM10 Total 0-10um STP","40380","Rochester, NY","36","New York","055","Monroe","43.14618","-77.54817"
"02/16/2022","AQS","360551007","1","21","ug/m3 SC","19","ROCHESTER 2","1","100.0000","81102","PM10 Total 0-10um STP","40380","Rochester, NY","36","New York","055","Monroe","43.14618","-77.54817"
"02/22/2022","AQS","360551007","1","23","ug/m3 SC","21","ROCHESTER 2","1","100.0000","81102","PM10 Total 0-10um STP","40380","Rochester, NY","36","New York","055","Monroe","43.14618","-77.54817"
"02/28/2022","AQS","360551007","1","6","ug/m3 SC","6","ROCHESTER 2","1","100.0000","81102","PM10 Total 0-10um STP","40380","Rochester, NY","36","New York","055","Monroe","43.14618","-77.54817"
"03/06/2022","AQS","360551007","1","17","ug/m3 SC","16","ROCHESTER 2","1","100.0000","81102","PM10 Total 0-10um STP","40380","Rochester, NY","36","New York","055","Monroe","43.14618","-77.54817"
"03/12/2022","AQS","360551007","1","6","ug/m3 SC","6","ROCHESTER 2","1","100.0000","81102","PM10 Total 0-10um STP","40380","Rochester, NY","36","New York","055","Monroe","43.14618","-77.54817"
"03/18/2022","AQS","360551007","1","22","ug/m3 SC","20","ROCHESTER 2","1","100.0000","81102","PM10 Total 0-10um STP","40380","Rochester, NY","36","New York","055","Monroe","43.14618","-77.54817"
"03/24/2022","AQS","360551007","1","5","ug/m3 SC","5","ROCHESTER 2","1","100.0000","81102","PM10 Total 0-10um STP","40380","Rochester, NY","36","New York","055","Monroe","43.14618","-77.54817"
"03/30/2022","AQS","360551007","1","17","ug/m3 SC","16","ROCHESTER 2","1","100.0000","81102","PM10 Total 0-10um STP","40380","Rochester, NY","36","New York","055","Monroe","43.14618","-77.54817"
"04/05/2022","AQS","360551007","1","11","ug/m3 SC","10","ROCHESTER 2","1","100.0000","81102","PM10 Total 0-10um STP","40380","Rochester, NY","36","New York","055","Monroe","43.14618","-77.54817"
"04/11/2022","AQS","360551007","1","9","ug/m3 SC","8","ROCHESTER 2","1","100.0000","81102","PM10 Total 0-10um STP","40380","Rochester, NY","36","New York","055","Monroe","43.14618","-77.54817"
"04/17/2022","AQS","360551007","1","3","ug/m3 SC","3","ROCHESTER 2","1","100.0000","81102","PM10 Total 0-10um STP","40380","Rochester, NY","36","New York","055","Monroe","43.14618","-77.54817"
"05/17/2022","AQS","360551007","1","7","ug/m3 SC","6","ROCHESTER 2","1","100.0000","81102","PM10 Total 0-10um STP","40380","Rochester, NY","36","New York","055","Monroe","43.14618","-77.54817"
"05/23/2022","AQS","360551007","1","5","ug/m3 SC","5","ROCHESTER 2","1","100.0000","81102","PM10 Total 0-10um STP","40380","Rochester, NY","36","New York","055","Monroe","43.14618","-77.54817"
"05/29/2022","AQS","360551007","1","11","ug/m3 SC","10","ROCHESTER 2","1","100.0000","81102","PM10 Total 0-10um STP","40380","Rochester, NY","36","New York","055","Monroe","43.14618","-77.54817"
"06/04/2022","AQS","360551007","1","9","ug/m3 SC","8","ROCHESTER 2","1","100.0000","81102","PM10 Total 0-10um STP","40380","Rochester, NY","36","New York","055","Monroe","43.14618","-77.54817"
"06/10/2022","AQS","360551007","1","7","ug/m3 SC","6","ROCHESTER 2","1","100.0000","81102","PM10 Total 0-10um STP","40380","Rochester, NY","36","New York","055","Monroe","43.14618","-77.54817"
"06/16/2022","AQS","360551007","1","42","ug/m3 SC","39","ROCHESTER 2","1","100.0000","81102","PM10 Total 0-10um STP","40380","Rochester, NY","36","New York","055","Monroe","43.14618","-77.54817"
"06/22/2022","AQS","360551007","1","24","ug/m3 SC","22","ROCHESTER 2","1","100.0000","81102","PM10 Total 0-10um STP","40380","Rochester, NY","36","New York","055","Monroe","43.14618","-77.54817"
"06/28/2022","AQS","360551007","1","8","ug/m3 SC","7","ROCHESTER 2","1","100.0000","81102","PM10 Total 0-10um STP","40380","Rochester, NY","36","New York","055","Monroe","43.14618","-77.54817"
"07/01/2022","AQS","360551007","1","21","ug/m3 SC","19","ROCHESTER 2","1","100.0000","81102","PM10 Total 0-10um STP","40380","Rochester, NY","36","New York","055","Monroe","43.14618","-77.54817"
"07/10/2022","AQS","360551007","1","8","ug/m3 SC","7","ROCHESTER 2","1","100.0000","81102","PM10 Total 0-10um STP","40380","Rochester, NY","36","New York","055","Monroe","43.14618","-77.54817"
"07/16/2022","AQS","360551007","1","13","ug/m3 SC","12","ROCHESTER 2","1","100.0000","81102","PM10 Total 0-10um STP","40380","Rochester, NY","36","New York","055","Monroe","43.14618","-77.54817"
"07/22/2022","AQS","360551007","1","16","ug/m3 SC","15","ROCHESTER 2","1","100.0000","81102","PM10 Total 0-10um STP","40380","Rochester, NY","36","New York","055","Monroe","43.14618","-77.54817"
"07/28/2022","AQS","360551007","1","13","ug/m3 SC","12","ROCHESTER 2","1","100.0000","81102","PM10 Total 0-10um STP","40380","Rochester, NY","36","New York","055","Monroe","43.14618","-77.54817"
"08/03/2022","AQS","360551007","1","12","ug/m3 SC","11","ROCHESTER 2","1","100.0000","81102","PM10 Total 0-10um STP","40380","Rochester, NY","36","New York","055","Monroe","43.14618","-77.54817"
"08/09/2022","AQS","360551007","1","5","ug/m3 SC","5","ROCHESTER 2","1","100.0000","81102","PM10 Total 0-10um STP","40380","Rochester, NY","36","New York","055","Monroe","43.14618","-77.54817"
"08/15/2022","AQS","360551007","1","9","ug/m3 SC","8","ROCHESTER 2","1","100.0000","81102","PM10 Total 0-10um STP","40380","Rochester, NY","36","New York","055","Monroe","43.14618","-77.54817"
"08/21/2022","AQS","360551007","1","8","ug/m3 SC","7","ROCHESTER 2","1","100.0000","81102","PM10 Total 0-10um STP","40380","Rochester, NY","36","New York","055","Monroe","43.14618","-77.54817"
"08/27/2022","AQS","360551007","1","5","ug/m3 SC","5","ROCHESTER 2","1","100.0000","81102","PM10 Total 0-10um STP","40380","Rochester, NY","36","New York","055","Monroe","43.14618","-77.54817"
"09/02/2022","AQS","360551007","1","11","ug/m3 SC","10","ROCHESTER 2","1","100.0000","81102","PM10 Total 0-10um STP","40380","Rochester, NY","36","New York","055","Monroe","43.14618","-77.54817"
"09/08/2022","AQS","360551007","1","6","ug/m3 SC","6","ROCHESTER 2","1","100.0000","81102","PM10 Total 0-10um STP","40380","Rochester, NY","36","New York","055","Monroe","43.14618","-77.54817"
"09/14/2022","AQS","360551007","1","12","ug/m3 SC","11","ROCHESTER 2","1","100.0000","81102","PM10 Total 0-10um STP","40380","Rochester, NY","36","New York","055","Monroe","43.14618","-77.54817"
"09/20/2022","AQS","360551007","1","9","ug/m3 SC","8","ROCHESTER 2","1","100.0000","81102","PM10 Total 0-10um STP","40380","Rochester, NY","36","New York","055","Monroe","43.14618","-77.54817"
"09/26/2022","AQS","360551007","1","5","ug/m3 SC","5","ROCHESTER 2","1","100.0000","81102","PM10 Total 0-10um STP","40380","Rochester, NY","36","New York","055","Monroe","43.14618","-77.54817"
"10/02/2022","AQS","360551007","1","5","ug/m3 SC","5","ROCHESTER 2","1","100.0000","81102","PM10 Total 0-10um STP","40380","Rochester, NY","36","New York","055","Monroe","43.14618","-77.54817"
"10/08/2022","AQS","360551007","1","3","ug/m3 SC","3","ROCHESTER 2","1","100.0000","81102","PM10 Total 0-10um STP","40380","Rochester, NY","36","New York","055","Monroe","43.14618","-77.54817"
"10/14/2022","AQS","360551007","1","16","ug/m3 SC","15","ROCHESTER 2","1","100.0000","81102","PM10 Total 0-10um STP","40380","Rochester, NY","36","New York","055","Monroe","43.14618","-77.54817"
"10/20/2022","AQS","360551007","1","10","ug/m3 SC","9","ROCHESTER 2","1","100.0000","81102","PM10 Total 0-10um STP","40380","Rochester, NY","36","New York","055","Monroe","43.14618","-77.54817"
"10/26/2022","AQS","360551007","1","6","ug/m3 SC","6","ROCHESTER 2","1","100.0000","81102","PM10 Total 0-10um STP","40380","Rochester, NY","36","New York","055","Monroe","43.14618","-77.54817"
"11/01/2022","AQS","360551007","1","17","ug/m3 SC","16","ROCHESTER 2","1","100.0000","81102","PM10 Total 0-10um STP","40380","Rochester, NY","36","New York","055","Monroe","43.14618","-77.54817"
"11/07/2022","AQS","360551007","1","10","ug/m3 SC","9","ROCHESTER 2","1","100.0000","81102","PM10 Total 0-10um STP","40380","Rochester, NY","36","New York","055","Monroe","43.14618","-77.54817"
"11/13/2022","AQS","360551007","1","2","ug/m3 SC","2","ROCHESTER 2","1","100.0000","81102","PM10 Total 0-10um STP","40380","Rochester, NY","36","New York","055","Monroe","43.14618","-77.54817"
"11/19/2022","AQS","360551007","1","10","ug/m3 SC","9","ROCHESTER 2","1","100.0000","81102","PM10 Total 0-10um STP","40380","Rochester, NY","36","New York","055","Monroe","43.14618","-77.54817"
"11/25/2022","AQS","360551007","1","6","ug/m3 SC","6","ROCHESTER 2","1","100.0000","81102","PM10 Total 0-10um STP","40380","Rochester, NY","36","New York","055","Monroe","43.14618","-77.54817"
"12/01/2022","AQS","360551007","1","5","ug/m3 SC","5","ROCHESTER 2","1","100.0000","81102","PM10 Total 0-10um STP","40380","Rochester, NY","36","New York","055","Monroe","43.14618","-77.54817"
"12/07/2022","AQS","360551007","1","8","ug/m3 SC","7","ROCHESTER 2","1","100.0000","81102","PM10 Total 0-10um STP","40380","Rochester, NY","36","New York","055","Monroe","43.14618","-77.54817"
"12/13/2022","AQS","360551007","1","7","ug/m3 SC","6","ROCHESTER 2","1","100.0000","81102","PM10 Total 0-10um STP","40380","Rochester, NY","36","New York","055","Monroe","43.14618","-77.54817"
"12/19/2022","AQS","360551007","1","8","ug/m3 SC","7","ROCHESTER 2","1","100.0000","81102","PM10 Total 0-10um STP","40380","Rochester, NY","36","New York","055","Monroe","43.14618","-77.54817"
"12/25/2022","AQS","360551007","1","9","ug/m3 SC","8","ROCHESTER 2","1","100.0000","81102","PM10 Total 0-10um STP","40380","Rochester, NY","36","New York","055","Monroe","43.14618","-77.54817"
"12/31/2022","AQS","360551007","1","16","ug/m3 SC","15","ROCHESTER 2","1","100.0000","81102","PM10 Total 0-10um STP","40380","Rochester, NY","36","New York","055","Monroe","43.14618","-77.54817"
"01/05/2022","AQS","360810124","1","10","ug/m3 SC","9","QUEENS COLLEGE 2","1","100.0000","81102","PM10 Total 0-10um STP","35620","New York-Newark-Jersey City, NY-NJ-PA","36","New York","081","Queens","40.73614","-73.82153"
"01/11/2022","AQS","360810124","1","12","ug/m3 SC","11","QUEENS COLLEGE 2","1","100.0000","81102","PM10 Total 0-10um STP","35620","New York-Newark-Jersey City, NY-NJ-PA","36","New York","081","Queens","40.73614","-73.82153"
"01/17/2022","AQS","360810124","1","6","ug/m3 SC","6","QUEENS COLLEGE 2","1","100.0000","81102","PM10 Total 0-10um STP","35620","New York-Newark-Jersey City, NY-NJ-PA","36","New York","081","Queens","40.73614","-73.82153"
"01/23/2022","AQS","360810124","1","18","ug/m3 SC","17","QUEENS COLLEGE 2","1","100.0000","81102","PM10 Total 0-10um STP","35620","New York-Newark-Jersey City, NY-NJ-PA","36","New York","081","Queens","40.73614","-73.82153"
"01/29/2022","AQS","360810124","1","10","ug/m3 SC","9","QUEENS COLLEGE 2","1","100.0000","81102","PM10 Total 0-10um STP","35620","New York-Newark-Jersey City, NY-NJ-PA","36","New York","081","Queens","40.73614","-73.82153"
"02/04/2022","AQS","360810124","1","9","ug/m3 SC","8","QUEENS COLLEGE 2","1","100.0000","81102","PM10 Total 0-10um STP","35620","New York-Newark-Jersey City, NY-NJ-PA","36","New York","081","Queens","40.73614","-73.82153"
"02/10/2022","AQS","360810124","1","14","ug/m3 SC","13","QUEENS COLLEGE 2","1","100.0000","81102","PM10 Total 0-10um STP","35620","New York-Newark-Jersey City, NY-NJ-PA","36","New York","081","Queens","40.73614","-73.82153"
"02/16/2022","AQS","360810124","1","15","ug/m3 SC","14","QUEENS COLLEGE 2","1","100.0000","81102","PM10 Total 0-10um STP","35620","New York-Newark-Jersey City, NY-NJ-PA","36","New York","081","Queens","40.73614","-73.82153"
"02/22/2022","AQS","360810124","1","20","ug/m3 SC","19","QUEENS COLLEGE 2","1","100.0000","81102","PM10 Total 0-10um STP","35620","New York-Newark-Jersey City, NY-NJ-PA","36","New York","081","Queens","40.73614","-73.82153"
"02/28/2022","AQS","360810124","1","7","ug/m3 SC","6","QUEENS COLLEGE 2","1","100.0000","81102","PM10 Total 0-10um STP","35620","New York-Newark-Jersey City, NY-NJ-PA","36","New York","081","Queens","40.73614","-73.82153"
"03/06/2022","AQS","360810124","1","21","ug/m3 SC","19","QUEENS COLLEGE 2","1","100.0000","81102","PM10 Total 0-10um STP","35620","New York-Newark-Jersey City, NY-NJ-PA","36","New York","081","Queens","40.73614","-73.82153"
"03/12/2022","AQS","360810124","1","8","ug/m3 SC","7","QUEENS COLLEGE 2","1","100.0000","81102","PM10 Total 0-10um STP","35620","New York-Newark-Jersey City, NY-NJ-PA","36","New York","081","Queens","40.73614","-73.82153"
"03/18/2022","AQS","360810124","1","23","ug/m3 SC","21","QUEENS COLLEGE 2","1","100.0000","81102","PM10 Total 0-10um STP","35620","New York-Newark-Jersey City, NY-NJ-PA","36","New York","081","Queens","40.73614","-73.82153"
"03/24/2022","AQS","360810124","1","3","ug/m3 SC","3","QUEENS COLLEGE 2","1","100.0000","81102","PM10 Total 0-10um STP","35620","New York-Newark-Jersey City, NY-NJ-PA","36","New York","081","Queens","40.73614","-73.82153"
"03/30/2022","AQS","360810124","1","12","ug/m3 SC","11","QUEENS COLLEGE 2","1","100.0000","81102","PM10 Total 0-10um STP","35620","New York-Newark-Jersey City, NY-NJ-PA","36","New York","081","Queens","40.73614","-73.82153"
"04/05/2022","AQS","360810124","1","12","ug/m3 SC","11","QUEENS COLLEGE 2","1","100.0000","81102","PM10 Total 0-10um STP","35620","New York-Newark-Jersey City, NY-NJ-PA","36","New York","081","Queens","40.73614","-73.82153"
"04/11/2022","AQS","360810124","1","8","ug/m3 SC","7","QUEENS COLLEGE 2","1","100.0000","81102","PM10 Total 0-10um STP","35620","New York-Newark-Jersey City, NY-NJ-PA","36","New York","081","Queens","40.73614","-73.82153"
"04/17/2022","AQS","360810124","1","2","ug/m3 SC","2","QUEENS COLLEGE 2","1","100.0000","81102","PM10 Total 0-10um STP","35620","New York-Newark-Jersey City, NY-NJ-PA","36","New York","081","Queens","40.73614","-73.82153"
"04/23/2022","AQS","360810124","1","7","ug/m3 SC","6","QUEENS COLLEGE 2","1","100.0000","81102","PM10 Total 0-10um STP","35620","New York-Newark-Jersey City, NY-NJ-PA","36","New York","081","Queens","40.73614","-73.82153"
"04/29/2022","AQS","360810124","1","11","ug/m3 SC","10","QUEENS COLLEGE 2","1","100.0000","81102","PM10 Total 0-10um STP","35620","New York-Newark-Jersey City, NY-NJ-PA","36","New York","081","Queens","40.73614","-73.82153"
"05/05/2022","AQS","360810124","1","8","ug/m3 SC","7","QUEENS COLLEGE 2","1","100.0000","81102","PM10 Total 0-10um STP","35620","New York-Newark-Jersey City, NY-NJ-PA","36","New York","081","Queens","40.73614","-73.82153"
"05/11/2022","AQS","360810124","1","17","ug/m3 SC","16","QUEENS COLLEGE 2","1","100.0000","81102","PM10 Total 0-10um STP","35620","New York-Newark-Jersey City, NY-NJ-PA","36","New York","081","Queens","40.73614","-73.82153"
"05/17/2022","AQS","360810124","1","13","ug/m3 SC","12","QUEENS COLLEGE 2","1","100.0000","81102","PM10 Total 0-10um STP","35620","New York-Newark-Jersey City, NY-NJ-PA","36","New York","081","Queens","40.73614","-73.82153"
"05/23/2022","AQS","360810124","1","8","ug/m3 SC","7","QUEENS COLLEGE 2","1","100.0000","81102","PM10 Total 0-10um STP","35620","New York-Newark-Jersey City, NY-NJ-PA","36","New York","081","Queens","40.73614","-73.82153"
"05/29/2022","AQS","360810124","1","11","ug/m3 SC","10","QUEENS COLLEGE 2","1","100.0000","81102","PM10 Total 0-10um STP","35620","New York-Newark-Jersey City, NY-NJ-PA","36","New York","081","Queens","40.73614","-73.82153"
"06/04/2022","AQS","360810124","1","15","ug/m3 SC","14","QUEENS COLLEGE 2","1","100.0000","81102","PM10 Total 0-10um STP","35620","New York-Newark-Jersey City, NY-NJ-PA","36","New York","081","Queens","40.73614","-73.82153"
"06/10/2022","AQS","360810124","1","9","ug/m3 SC","8","QUEENS COLLEGE 2","1","100.0000","81102","PM10 Total 0-10um STP","35620","New York-Newark-Jersey City, NY-NJ-PA","36","New York","081","Queens","40.73614","-73.82153"
"06/16/2022","AQS","360810124","1","10","ug/m3 SC","9","QUEENS COLLEGE 2","1","100.0000","81102","PM10 Total 0-10um STP","35620","New York-Newark-Jersey City, NY-NJ-PA","36","New York","081","Queens","40.73614","-73.82153"
"06/22/2022","AQS","360810124","1","12","ug/m3 SC","11","QUEENS COLLEGE 2","1","100.0000","81102","PM10 Total 0-10um STP","35620","New York-Newark-Jersey City, NY-NJ-PA","36","New York","081","Queens","40.73614","-73.82153"
"06/28/2022","AQS","360810124","1","11","ug/m3 SC","10","QUEENS COLLEGE 2","1","100.0000","81102","PM10 Total 0-10um STP","35620","New York-Newark-Jersey City, NY-NJ-PA","36","New York","081","Queens","40.73614","-73.82153"
"07/04/2022","AQS","360810124","1","24","ug/m3 SC","22","QUEENS COLLEGE 2","1","100.0000","81102","PM10 Total 0-10um STP","35620","New York-Newark-Jersey City, NY-NJ-PA","36","New York","081","Queens","40.73614","-73.82153"
"07/10/2022","AQS","360810124","1","10","ug/m3 SC","9","QUEENS COLLEGE 2","1","100.0000","81102","PM10 Total 0-10um STP","35620","New York-Newark-Jersey City, NY-NJ-PA","36","New York","081","Queens","40.73614","-73.82153"
"07/16/2022","AQS","360810124","1","13","ug/m3 SC","12","QUEENS COLLEGE 2","1","100.0000","81102","PM10 Total 0-10um STP","35620","New York-Newark-Jersey City, NY-NJ-PA","36","New York","081","Queens","40.73614","-73.82153"
"07/19/2022","AQS","360810124","1","15","ug/m3 SC","14","QUEENS COLLEGE 2","1","100.0000","81102","PM10 Total 0-10um STP","35620","New York-Newark-Jersey City, NY-NJ-PA","36","New York","081","Queens","40.73614","-73.82153"
"07/28/2022","AQS","360810124","1","15","ug/m3 SC","14","QUEENS COLLEGE 2","1","100.0000","81102","PM10 Total 0-10um STP","35620","New York-Newark-Jersey City, NY-NJ-PA","36","New York","081","Queens","40.73614","-73.82153"
"08/03/2022","AQS","360810124","1","13","ug/m3 SC","12","QUEENS COLLEGE 2","1","100.0000","81102","PM10 Total 0-10um STP","35620","New York-Newark-Jersey City, NY-NJ-PA","36","New York","081","Queens","40.73614","-73.82153"
"08/09/2022","AQS","360810124","1","16","ug/m3 SC","15","QUEENS COLLEGE 2","1","100.0000","81102","PM10 Total 0-10um STP","35620","New York-Newark-Jersey City, NY-NJ-PA","36","New York","081","Queens","40.73614","-73.82153"
"08/15/2022","AQS","360810124","1","10","ug/m3 SC","9","QUEENS COLLEGE 2","1","100.0000","81102","PM10 Total 0-10um STP","35620","New York-Newark-Jersey City, NY-NJ-PA","36","New York","081","Queens","40.73614","-73.82153"
"08/21/2022","AQS","360810124","1","10","ug/m3 SC","9","QUEENS COLLEGE 2","1","100.0000","81102","PM10 Total 0-10um STP","35620","New York-Newark-Jersey City, NY-NJ-PA","36","New York","081","Queens","40.73614","-73.82153"
"08/27/2022","AQS","360810124","1","17","ug/m3 SC","16","QUEENS COLLEGE 2","1","100.0000","81102","PM10 Total 0-10um STP","35620","New York-Newark-Jersey City, NY-NJ-PA","36","New York","081","Queens","40.73614","-73.82153"
"09/02/2022","AQS","360810124","1","9","ug/m3 SC","8","QUEENS COLLEGE 2","1","100.0000","81102","PM10 Total 0-10um STP","35620","New York-Newark-Jersey City, NY-NJ-PA","36","New York","081","Queens","40.73614","-73.82153"
"09/08/2022","AQS","360810124","1","9","ug/m3 SC","8","QUEENS COLLEGE 2","1","100.0000","81102","PM10 Total 0-10um STP","35620","New York-Newark-Jersey City, NY-NJ-PA","36","New York","081","Queens","40.73614","-73.82153"
"09/14/2022","AQS","360810124","1","11","ug/m3 SC","10","QUEENS COLLEGE 2","1","100.0000","81102","PM10 Total 0-10um STP","35620","New York-Newark-Jersey City, NY-NJ-PA","36","New York","081","Queens","40.73614","-73.82153"
"09/20/2022","AQS","360810124","1","12","ug/m3 SC","11","QUEENS COLLEGE 2","1","100.0000","81102","PM10 Total 0-10um STP","35620","New York-Newark-Jersey City, NY-NJ-PA","36","New York","081","Queens","40.73614","-73.82153"
"09/26/2022","AQS","360810124","1","10","ug/m3 SC","9","QUEENS COLLEGE 2","1","100.0000","81102","PM10 Total 0-10um STP","35620","New York-Newark-Jersey City, NY-NJ-PA","36","New York","081","Queens","40.73614","-73.82153"
"10/02/2022","AQS","360810124","1","8","ug/m3 SC","7","QUEENS COLLEGE 2","1","100.0000","81102","PM10 Total 0-10um STP","35620","New York-Newark-Jersey City, NY-NJ-PA","36","New York","081","Queens","40.73614","-73.82153"
"10/08/2022","AQS","360810124","1","5","ug/m3 SC","5","QUEENS COLLEGE 2","1","100.0000","81102","PM10 Total 0-10um STP","35620","New York-Newark-Jersey City, NY-NJ-PA","36","New York","081","Queens","40.73614","-73.82153"
"10/14/2022","AQS","360810124","1","12","ug/m3 SC","11","QUEENS COLLEGE 2","1","100.0000","81102","PM10 Total 0-10um STP","35620","New York-Newark-Jersey City, NY-NJ-PA","36","New York","081","Queens","40.73614","-73.82153"
"10/20/2022","AQS","360810124","1","9","ug/m3 SC","8","QUEENS COLLEGE 2","1","100.0000","81102","PM10 Total 0-10um STP","35620","New York-Newark-Jersey City, NY-NJ-PA","36","New York","081","Queens","40.73614","-73.82153"
"11/01/2022","AQS","360810124","1","11","ug/m3 SC","10","QUEENS COLLEGE 2","1","100.0000","81102","PM10 Total 0-10um STP","35620","New York-Newark-Jersey City, NY-NJ-PA","36","New York","081","Queens","40.73614","-73.82153"
"11/07/2022","AQS","360810124","1","15","ug/m3 SC","14","QUEENS COLLEGE 2","1","100.0000","81102","PM10 Total 0-10um STP","35620","New York-Newark-Jersey City, NY-NJ-PA","36","New York","081","Queens","40.73614","-73.82153"
"11/13/2022","AQS","360810124","1","5","ug/m3 SC","5","QUEENS COLLEGE 2","1","100.0000","81102","PM10 Total 0-10um STP","35620","New York-Newark-Jersey City, NY-NJ-PA","36","New York","081","Queens","40.73614","-73.82153"
"11/19/2022","AQS","360810124","1","10","ug/m3 SC","9","QUEENS COLLEGE 2","1","100.0000","81102","PM10 Total 0-10um STP","35620","New York-Newark-Jersey City, NY-NJ-PA","36","New York","081","Queens","40.73614","-73.82153"
"11/25/2022","AQS","360810124","1","10","ug/m3 SC","9","QUEENS COLLEGE 2","1","100.0000","81102","PM10 Total 0-10um STP","35620","New York-Newark-Jersey City, NY-NJ-PA","36","New York","081","Queens","40.73614","-73.82153"
"12/01/2022","AQS","360810124","1","6","ug/m3 SC","6","QUEENS COLLEGE 2","1","100.0000","81102","PM10 Total 0-10um STP","35620","New York-Newark-Jersey City, NY-NJ-PA","36","New York","081","Queens","40.73614","-73.82153"
"12/07/2022","AQS","360810124","1","9","ug/m3 SC","8","QUEENS COLLEGE 2","1","100.0000","81102","PM10 Total 0-10um STP","35620","New York-Newark-Jersey City, NY-NJ-PA","36","New York","081","Queens","40.73614","-73.82153"
"12/13/2022","AQS","360810124","1","9","ug/m3 SC","8","QUEENS COLLEGE 2","1","100.0000","81102","PM10 Total 0-10um STP","35620","New York-Newark-Jersey City, NY-NJ-PA","36","New York","081","Queens","40.73614","-73.82153"
"12/19/2022","AQS","360810124","1","7","ug/m3 SC","6","QUEENS COLLEGE 2","1","100.0000","81102","PM10 Total 0-10um STP","35620","New York-Newark-Jersey City, NY-NJ-PA","36","New York","081","Queens","40.73614","-73.82153"
"12/25/2022","AQS","360810124","1","10","ug/m3 SC","9","QUEENS COLLEGE 2","1","100.0000","81102","PM10 Total 0-10um STP","35620","New York-Newark-Jersey City, NY-NJ-PA","36","New York","081","Queens","40.73614","-73.82153"
"12/31/2022","AQS","360810124","1","17","ug/m3 SC","16","QUEENS COLLEGE 2","1","100.0000","81102","PM10 Total 0-10um STP","35620","New York-Newark-Jersey City, NY-NJ-PA","36","New York","081","Queens","40.73614","-73.82153"
