"Date","Source","Site ID","POC","Daily Mean PM10 Concentration","UNITS","DAILY_AQI_VALUE","Site Name","DAILY_OBS_COUNT","PERCENT_COMPLETE","AQS_PARAMETER_CODE","AQS_PARAMETER_DESC","CBSA_CODE","CBSA_NAME","STATE_CODE","STATE","COUNTY_CODE","COUNTY","SITE_LATITUDE","SITE_LONGITUDE"
"01/06/2023","AQS","360050110","3","9","ug/m3 SC","8","IS 52","1","100.0000","81102","PM10 Total 0-10um STP","35620","New York-Newark-Jersey City, NY-NJ-PA","36","New York","005","Bronx","40.816","-73.902"
"01/12/2023","AQS","360050110","3","12","ug/m3 SC","11","IS 52","1","100.0000","81102","PM10 Total 0-10um STP","35620","New York-Newark-Jersey City, NY-NJ-PA","36","New York","005","Bronx","40.816","-73.902"
"01/18/2023","AQS","360050110","3","9","ug/m3 SC","8","IS 52","1","100.0000","81102","PM10 Total 0-10um STP","35620","New York-Newark-Jersey City, NY-NJ-PA","36","New York","005","Bronx","40.816","-73.902"
"01/24/2023","AQS","360050110","3","6","ug/m3 SC","6","IS 52","1","100.0000","81102","PM10 Total 0-10um STP","35620","New York-Newark-Jersey City, NY-NJ-PA","36","New York","005","Bronx","40.816","-73.902"
"01/30/2023","AQS","360050110","3","18","ug/m3 SC","17","IS 52","1","100.0000","81102","PM10 Total 0-10um STP","35620","New York-Newark-Jersey City, NY-NJ-PA","36","New York","005","Bronx","40.816","-73.902"
"02/05/2023","AQS","360050110","3","17","ug/m3 SC","16","IS 52","1","100.0000","81102","PM10 Total 0-10um STP","35620","New York-Newark-Jersey City, NY-NJ-PA","36","New York","005","Bronx","40.816","-73.902"
"02/11/2023","AQS","360050110","3","4","ug/m3 SC","4","IS 52","1","100.0000","81102","PM10 Total 0-10um STP","35620","New York-Newark-Jersey City, NY-NJ-PA","36","New York","005","Bronx","40.816","-73.902"
"02/17/2023","AQS","360050110","3","12","ug/m3 SC","11","IS 52","1","100.0000","81102","PM10 Total 0-10um STP","35620","New York-Newark-Jersey City, NY-NJ-PA","36","New York","005","Bronx","40.816","-73.902"
"02/23/2023","AQS","360050110","3","8","ug/m3 SC","7","IS 52","1","100.0000","81102","PM10 Total 0-10um STP","35620","New York-Newark-Jersey City, NY-NJ-PA","36","New York","005","Bronx","40.816","-73.902"
"03/01/2023","AQS","360050110","3","9","ug/m3 SC","8","IS 52","1","100.0000","81102","PM10 Total 0-10um STP","35620","New York-Newark-Jersey City, NY-NJ-PA","36","New York","005","Bronx","40.816","-73.902"
"03/07/2023","AQS","360050110","3","5","ug/m3 SC","5","IS 52","1","100.0000","81102","PM10 Total 0-10um STP","35620","New York-Newark-Jersey City, NY-NJ-PA","36","New York","005","Bronx","40.816","-73.902"
"03/13/2023","AQS","360050110","3","10","ug/m3 SC","9","IS 52","1","100.0000","81102","PM10 Total 0-10um STP","35620","New York-Newark-Jersey City, NY-NJ-PA","36","New York","005","Bronx","40.816","-73.902"
"03/19/2023","AQS","360050110","3","4","ug/m3 SC","4","IS 52","1","100.0000","81102","PM10 Total 0-10um STP","35620","New York-Newark-Jersey City, NY-NJ-PA","36","New York","005","Bronx","40.816","-73.902"
"03/25/2023","AQS","360050110","3","7","ug/m3 SC","6","IS 52","1","100.0000","81102","PM10 Total 0-10um STP","35620","New York-Newark-Jersey City, NY-NJ-PA","36","New York","005","Bronx","40.816","-73.902"
"03/31/2023","AQS","360050110","3","23","ug/m3 SC","21","IS 52","1","100.0000","81102","PM10 Total 0-10um STP","35620","New York-Newark-Jersey City, NY-NJ-PA","36","New York","005","Bronx","40.816","-73.902"
"04/06/2023","AQS","360050110","3","19","ug/m3 SC","18","IS 52","1","100.0000","81102","PM10 Total 0-10um STP","35620","New York-Newark-Jersey City, NY-NJ-PA","36","New York","005","Bronx","40.816","-73.902"
"04/12/2023","AQS","360050110","3","24","ug/m3 SC","22","IS 52","1","100.0000","81102","PM10 Total 0-10um STP","35620","New York-Newark-Jersey City, NY-NJ-PA","36","New York","005","Bronx","40.816","-73.902"
"04/18/2023","AQS","360050110","3","8","ug/m3 SC","7","IS 52","1","100.0000","81102","PM10 Total 0-10um STP","35620","New York-Newark-Jersey City, NY-NJ-PA","36","New York","005","Bronx","40.816","-73.902"
"04/24/2023","AQS","360050110","3","6","ug/m3 SC","6","IS 52","1","100.0000","81102","PM10 Total 0-10um STP","35620","New York-Newark-Jersey City, NY-NJ-PA","36","New York","005","Bronx","40.816","-73.902"
"04/30/2023","AQS","360050110","3","3","ug/m3 SC","3","IS 52","1","100.0000","81102","PM10 Total 0-10um STP","35620","New York-Newark-Jersey City, NY-NJ-PA","36","New York","005","Bronx","40.816","-73.902"
"05/06/2023","AQS","360050110","3","9","ug/m3 SC","8","IS 52","1","100.0000","81102","PM10 Total 0-10um STP","35620","New York-Newark-Jersey City, NY-NJ-PA","36","New York","005","Bronx","40.816","-73.902"
"05/12/2023","AQS","360050110","3","23","ug/m3 SC","21","IS 52","1","100.0000","81102","PM10 Total 0-10um STP","35620","New York-Newark-Jersey City, NY-NJ-PA","36","New York","005","Bronx","40.816","-73.902"
"05/18/2023","AQS","360050110","3","12","ug/m3 SC","11","IS 52","1","100.0000","81102","PM10 Total 0-10um STP","35620","New York-Newark-Jersey City, NY-NJ-PA","36","New York","005","Bronx","40.816","-73.902"
"05/24/2023","AQS","360050110","3","19","ug/m3 SC","18","IS 52","1","100.0000","81102","PM10 Total 0-10um STP","35620","New York-Newark-Jersey City, NY-NJ-PA","36","New York","005","Bronx","40.816","-73.902"
"05/30/2023","AQS","360050110","3","20","ug/m3 SC","19","IS 52","1","100.0000","81102","PM10 Total 0-10um STP","35620","New York-Newark-Jersey City, NY-NJ-PA","36","New York","005","Bronx","40.816","-73.902"
"06/05/2023","AQS","360050110","3","14","ug/m3 SC","13","IS 52","1","100.0000","81102","PM10 Total 0-10um STP","35620","New York-Newark-Jersey City, NY-NJ-PA","36","New York","005","Bronx","40.816","-73.902"
"06/11/2023","AQS","360050110","3","33","ug/m3 SC","31","IS 52","1","100.0000","81102","PM10 Total 0-10um STP","35620","New York-Newark-Jersey City, NY-NJ-PA","36","New York","005","Bronx","40.816","-73.902"
"06/17/2023","AQS","360050110","3","26","ug/m3 SC","24","IS 52","1","100.0000","81102","PM10 Total 0-10um STP","35620","New York-Newark-Jersey City, NY-NJ-PA","36","New York","005","Bronx","40.816","-73.902"
"06/23/2023","AQS","360050110","3","14","ug/m3 SC","13","IS 52","1","100.0000","81102","PM10 Total 0-10um STP","35620","New York-Newark-Jersey City, NY-NJ-PA","36","New York","005","Bronx","40.816","-73.902"
"06/29/2023","AQS","360050110","3","37","ug/m3 SC","34","IS 52","1","100.0000","81102","PM10 Total 0-10um STP","35620","New York-Newark-Jersey City, NY-NJ-PA","36","New York","005","Bronx","40.816","-73.902"
"07/05/2023","AQS","360050110","3","30","ug/m3 SC","28","IS 52","1","100.0000","81102","PM10 Total 0-10um STP","35620","New York-Newark-Jersey City, NY-NJ-PA","36","New York","005","Bronx","40.816","-73.902"
"07/11/2023","AQS","360050110","3","16","ug/m3 SC","15","IS 52","1","100.0000","81102","PM10 Total 0-10um STP","35620","New York-Newark-Jersey City, NY-NJ-PA","36","New York","005","Bronx","40.816","-73.902"
"07/17/2023","AQS","360050110","3","26","ug/m3 SC","24","IS 52","1","100.0000","81102","PM10 Total 0-10um STP","35620","New York-Newark-Jersey City, NY-NJ-PA","36","New York","005","Bronx","40.816","-73.902"
"07/23/2023","AQS","360050110","3","14","ug/m3 SC","13","IS 52","1","100.0000","81102","PM10 Total 0-10um STP","35620","New York-Newark-Jersey City, NY-NJ-PA","36","New York","005","Bronx","40.816","-73.902"
"07/29/2023","AQS","360050110","3","12","ug/m3 SC","11","IS 52","1","100.0000","81102","PM10 Total 0-10um STP","35620","New York-Newark-Jersey City, NY-NJ-PA","36","New York","005","Bronx","40.816","-73.902"
"08/10/2023","AQS","360050110","3","22","ug/m3 SC","20","IS 52","1","100.0000","81102","PM10 Total 0-10um STP","35620","New York-Newark-Jersey City, NY-NJ-PA","36","New York","005","Bronx","40.816","-73.902"
"08/16/2023","AQS","360050110","3","9","ug/m3 SC","8","IS 52","1","100.0000","81102","PM10 Total 0-10um STP","35620","New York-Newark-Jersey City, NY-NJ-PA","36","New York","005","Bronx","40.816","-73.902"
"08/22/2023","AQS","360050110","3","14","ug/m3 SC","13","IS 52","1","100.0000","81102","PM10 Total 0-10um STP","35620","New York-Newark-Jersey City, NY-NJ-PA","36","New York","005","Bronx","40.816","-73.902"
"08/28/2023","AQS","360050110","3","12","ug/m3 SC","11","IS 52","1","100.0000","81102","PM10 Total 0-10um STP","35620","New York-Newark-Jersey City, NY-NJ-PA","36","New York","005","Bronx","40.816","-73.902"
"09/03/2023","AQS","360050110","3","17","ug/m3 SC","16","IS 52","1","100.0000","81102","PM10 Total 0-10um STP","35620","New York-Newark-Jersey City, NY-NJ-PA","36","New York","005","Bronx","40.816","-73.902"
"09/09/2023","AQS","360050110","3","23","ug/m3 SC","21","IS 52","1","100.0000","81102","PM10 Total 0-10um STP","35620","New York-Newark-Jersey City, NY-NJ-PA","36","New York","005","Bronx","40.816","-73.902"
"09/15/2023","AQS","360050110","3","8","ug/m3 SC","7","IS 52","1","100.0000","81102","PM10 Total 0-10um STP","35620","New York-Newark-Jersey City, NY-NJ-PA","36","New York","005","Bronx","40.816","-73.902"
"09/21/2023","AQS","360050110","3","11","ug/m3 SC","10","IS 52","1","100.0000","81102","PM10 Total 0-10um STP","35620","New York-Newark-Jersey City, NY-NJ-PA","36","New York","005","Bronx","40.816","-73.902"
"09/27/2023","AQS","360050110","3","11","ug/m3 SC","10","IS 52","1","100.0000","81102","PM10 Total 0-10um STP","35620","New York-Newark-Jersey City, NY-NJ-PA","36","New York","005","Bronx","40.816","-73.902"
"10/03/2023","AQS","360050110","3","24","ug/m3 SC","22","IS 52","1","100.0000","81102","PM10 Total 0-10um STP","35620","New York-Newark-Jersey City, NY-NJ-PA","36","New York","005","Bronx","40.816","-73.902"
"10/09/2023","AQS","360050110","3","9","ug/m3 SC","8","IS 52","1","100.0000","81102","PM10 Total 0-10um STP","35620","New York-Newark-Jersey City, NY-NJ-PA","36","New York","005","Bronx","40.816","-73.902"
"10/15/2023","AQS","360050110","3","4","ug/m3 SC","4","IS 52","1","100.0000","81102","PM10 Total 0-10um STP","35620","New York-Newark-Jersey City, NY-NJ-PA","36","New York","005","Bronx","40.816","-73.902"
"10/21/2023","AQS","360050110","3","5","ug/m3 SC","5","IS 52","1","100.0000","81102","PM10 Total 0-10um STP","35620","New York-Newark-Jersey City, NY-NJ-PA","36","New York","005","Bronx","40.816","-73.902"
"10/27/2023","AQS","360050110","3","27","ug/m3 SC","25","IS 52","1","100.0000","81102","PM10 Total 0-10um STP","35620","New York-Newark-Jersey City, NY-NJ-PA","36","New York","005","Bronx","40.816","-73.902"
"11/02/2023","AQS","360050110","3","6","ug/m3 SC","6","IS 52","1","100.0000","81102","PM10 Total 0-10um STP","35620","New York-Newark-Jersey City, NY-NJ-PA","36","New York","005","Bronx","40.816","-73.902"
"11/08/2023","AQS","360050110","3","5","ug/m3 SC","5","IS 52","1","100.0000","81102","PM10 Total 0-10um STP","35620","New York-Newark-Jersey City, NY-NJ-PA","36","New York","005","Bronx","40.816","-73.902"
"11/14/2023","AQS","360050110","3","10","ug/m3 SC","9","IS 52","1","100.0000","81102","PM10 Total 0-10um STP","35620","New York-Newark-Jersey City, NY-NJ-PA","36","New York","005","Bronx","40.816","-73.902"
"11/20/2023","AQS","360050110","3","4","ug/m3 SC","4","IS 52","1","100.0000","81102","PM10 Total 0-10um STP","35620","New York-Newark-Jersey City, NY-NJ-PA","36","New York","005","Bronx","40.816","-73.902"
"11/26/2023","AQS","360050110","3","12","ug/m3 SC","11","IS 52","1","100.0000","81102","PM10 Total 0-10um STP","35620","New York-Newark-Jersey City, NY-NJ-PA","36","New York","005","Bronx","40.816","-73.902"
"12/02/2023","AQS","360050110","3","26","ug/m3 SC","24","IS 52","1","100.0000","81102","PM10 Total 0-10um STP","35620","New York-Newark-Jersey City, NY-NJ-PA","36","New York","005","Bronx","40.816","-73.902"
"12/08/2023","AQS","360050110","3","21","ug/m3 SC","19","IS 52","1","100.0000","81102","PM10 Total 0-10um STP","35620","New York-Newark-Jersey City, NY-NJ-PA","36","New York","005","Bronx","40.816","-73.902"
"12/14/2023","AQS","360050110","3","9","ug/m3 SC","8","IS 52","1","100.0000","81102","PM10 Total 0-10um STP","35620","New York-Newark-Jersey City, NY-NJ-PA","36","New York","005","Bronx","40.816","-73.902"
"12/20/2023","AQS","360050110","3","5","ug/m3 SC","5","IS 52","1","100.0000","81102","PM10 Total 0-10um STP","35620","New York-Newark-Jersey City, NY-NJ-PA","36","New York","005","Bronx","40.816","-73.902"
"12/26/2023","AQS","360050110","3","22","ug/m3 SC","20","IS 52","1","100.0000","81102","PM10 Total 0-10um STP","35620","New York-Newark-Jersey City, NY-NJ-PA","36","New York","005","Bronx","40.816","-73.902"
"01/06/2023","AQS","360050110","5","9","ug/m3 SC","8","IS 52","1","100.0000","81102","PM10 Total 0-10um STP","35620","New York-Newark-Jersey City, NY-NJ-PA","36","New York","005","Bronx","40.816","-73.902"
"01/12/2023","AQS","360050110","5","13","ug/m3 SC","12","IS 52","1","100.0000","81102","PM10 Total 0-10um STP","35620","New York-Newark-Jersey City, NY-NJ-PA","36","New York","005","Bronx","40.816","-73.902"
"01/18/2023","AQS","360050110","5","9","ug/m3 SC","8","IS 52","1","100.0000","81102","PM10 Total 0-10um STP","35620","New York-Newark-Jersey City, NY-NJ-PA","36","New York","005","Bronx","40.816","-73.902"
"01/24/2023","AQS","360050110","5","5","ug/m3 SC","5","IS 52","1","100.0000","81102","PM10 Total 0-10um STP","35620","New York-Newark-Jersey City, NY-NJ-PA","36","New York","005","Bronx","40.816","-73.902"
"01/30/2023","AQS","360050110","5","17","ug/m3 SC","16","IS 52","1","100.0000","81102","PM10 Total 0-10um STP","35620","New York-Newark-Jersey City, NY-NJ-PA","36","New York","005","Bronx","40.816","-73.902"
"02/05/2023","AQS","360050110","5","18","ug/m3 SC","17","IS 52","1","100.0000","81102","PM10 Total 0-10um STP","35620","New York-Newark-Jersey City, NY-NJ-PA","36","New York","005","Bronx","40.816","-73.902"
"02/11/2023","AQS","360050110","5","5","ug/m3 SC","5","IS 52","1","100.0000","81102","PM10 Total 0-10um STP","35620","New York-Newark-Jersey City, NY-NJ-PA","36","New York","005","Bronx","40.816","-73.902"
"02/17/2023","AQS","360050110","5","12","ug/m3 SC","11","IS 52","1","100.0000","81102","PM10 Total 0-10um STP","35620","New York-Newark-Jersey City, NY-NJ-PA","36","New York","005","Bronx","40.816","-73.902"
"02/23/2023","AQS","360050110","5","7","ug/m3 SC","6","IS 52","1","100.0000","81102","PM10 Total 0-10um STP","35620","New York-Newark-Jersey City, NY-NJ-PA","36","New York","005","Bronx","40.816","-73.902"
"03/01/2023","AQS","360050110","5","11","ug/m3 SC","10","IS 52","1","100.0000","81102","PM10 Total 0-10um STP","35620","New York-Newark-Jersey City, NY-NJ-PA","36","New York","005","Bronx","40.816","-73.902"
"03/07/2023","AQS","360050110","5","5","ug/m3 SC","5","IS 52","1","100.0000","81102","PM10 Total 0-10um STP","35620","New York-Newark-Jersey City, NY-NJ-PA","36","New York","005","Bronx","40.816","-73.902"
"03/13/2023","AQS","360050110","5","10","ug/m3 SC","9","IS 52","1","100.0000","81102","PM10 Total 0-10um STP","35620","New York-Newark-Jersey City, NY-NJ-PA","36","New York","005","Bronx","40.816","-73.902"
"03/19/2023","AQS","360050110","5","4","ug/m3 SC","4","IS 52","1","100.0000","81102","PM10 Total 0-10um STP","35620","New York-Newark-Jersey City, NY-NJ-PA","36","New York","005","Bronx","40.816","-73.902"
"03/25/2023","AQS","360050110","5","8","ug/m3 SC","7","IS 52","1","100.0000","81102","PM10 Total 0-10um STP","35620","New York-Newark-Jersey City, NY-NJ-PA","36","New York","005","Bronx","40.816","-73.902"
"03/31/2023","AQS","360050110","5","22","ug/m3 SC","20","IS 52","1","100.0000","81102","PM10 Total 0-10um STP","35620","New York-Newark-Jersey City, NY-NJ-PA","36","New York","005","Bronx","40.816","-73.902"
"04/06/2023","AQS","360050110","5","19","ug/m3 SC","18","IS 52","1","100.0000","81102","PM10 Total 0-10um STP","35620","New York-Newark-Jersey City, NY-NJ-PA","36","New York","005","Bronx","40.816","-73.902"
"04/12/2023","AQS","360050110","5","23","ug/m3 SC","21","IS 52","1","100.0000","81102","PM10 Total 0-10um STP","35620","New York-Newark-Jersey City, NY-NJ-PA","36","New York","005","Bronx","40.816","-73.902"
"04/18/2023","AQS","360050110","5","6","ug/m3 SC","6","IS 52","1","100.0000","81102","PM10 Total 0-10um STP","35620","New York-Newark-Jersey City, NY-NJ-PA","36","New York","005","Bronx","40.816","-73.902"
"04/24/2023","AQS","360050110","5","7","ug/m3 SC","6","IS 52","1","100.0000","81102","PM10 Total 0-10um STP","35620","New York-Newark-Jersey City, NY-NJ-PA","36","New York","005","Bronx","40.816","-73.902"
"04/30/2023","AQS","360050110","5","3","ug/m3 SC","3","IS 52","1","100.0000","81102","PM10 Total 0-10um STP","35620","New York-Newark-Jersey City, NY-NJ-PA","36","New York","005","Bronx","40.816","-73.902"
"05/06/2023","AQS","360050110","5","9","ug/m3 SC","8","IS 52","1","100.0000","81102","PM10 Total 0-10um STP","35620","New York-Newark-Jersey City, NY-NJ-PA","36","New York","005","Bronx","40.816","-73.902"
"05/12/2023","AQS","360050110","5","25","ug/m3 SC","23","IS 52","1","100.0000","81102","PM10 Total 0-10um STP","35620","New York-Newark-Jersey City, NY-NJ-PA","36","New York","005","Bronx","40.816","-73.902"
"05/18/2023","AQS","360050110","5","13","ug/m3 SC","12","IS 52","1","100.0000","81102","PM10 Total 0-10um STP","35620","New York-Newark-Jersey City, NY-NJ-PA","36","New York","005","Bronx","40.816","-73.902"
"05/24/2023","AQS","360050110","5","20","ug/m3 SC","19","IS 52","1","100.0000","81102","PM10 Total 0-10um STP","35620","New York-Newark-Jersey City, NY-NJ-PA","36","New York","005","Bronx","40.816","-73.902"
"05/30/2023","AQS","360050110","5","20","ug/m3 SC","19","IS 52","1","100.0000","81102","PM10 Total 0-10um STP","35620","New York-Newark-Jersey City, NY-NJ-PA","36","New York","005","Bronx","40.816","-73.902"
"06/05/2023","AQS","360050110","5","15","ug/m3 SC","14","IS 52","1","100.0000","81102","PM10 Total 0-10um STP","35620","New York-Newark-Jersey City, NY-NJ-PA","36","New York","005","Bronx","40.816","-73.902"
"06/11/2023","AQS","360050110","5","33","ug/m3 SC","31","IS 52","1","100.0000","81102","PM10 Total 0-10um STP","35620","New York-Newark-Jersey City, NY-NJ-PA","36","New York","005","Bronx","40.816","-73.902"
"06/17/2023","AQS","360050110","5","26","ug/m3 SC","24","IS 52","1","100.0000","81102","PM10 Total 0-10um STP","35620","New York-Newark-Jersey City, NY-NJ-PA","36","New York","005","Bronx","40.816","-73.902"
"06/23/2023","AQS","360050110","5","15","ug/m3 SC","14","IS 52","1","100.0000","81102","PM10 Total 0-10um STP","35620","New York-Newark-Jersey City, NY-NJ-PA","36","New York","005","Bronx","40.816","-73.902"
"06/29/2023","AQS","360050110","5","36","ug/m3 SC","33","IS 52","1","100.0000","81102","PM10 Total 0-10um STP","35620","New York-Newark-Jersey City, NY-NJ-PA","36","New York","005","Bronx","40.816","-73.902"
"07/05/2023","AQS","360050110","5","31","ug/m3 SC","29","IS 52","1","100.0000","81102","PM10 Total 0-10um STP","35620","New York-Newark-Jersey City, NY-NJ-PA","36","New York","005","Bronx","40.816","-73.902"
"07/11/2023","AQS","360050110","5","17","ug/m3 SC","16","IS 52","1","100.0000","81102","PM10 Total 0-10um STP","35620","New York-Newark-Jersey City, NY-NJ-PA","36","New York","005","Bronx","40.816","-73.902"
"07/17/2023","AQS","360050110","5","26","ug/m3 SC","24","IS 52","1","100.0000","81102","PM10 Total 0-10um STP","35620","New York-Newark-Jersey City, NY-NJ-PA","36","New York","005","Bronx","40.816","-73.902"
"07/23/2023","AQS","360050110","5","14","ug/m3 SC","13","IS 52","1","100.0000","81102","PM10 Total 0-10um STP","35620","New York-Newark-Jersey City, NY-NJ-PA","36","New York","005","Bronx","40.816","-73.902"
"07/29/2023","AQS","360050110","5","12","ug/m3 SC","11","IS 52","1","100.0000","81102","PM10 Total 0-10um STP","35620","New York-Newark-Jersey City, NY-NJ-PA","36","New York","005","Bronx","40.816","-73.902"
"08/04/2023","AQS","360050110","5","19","ug/m3 SC","18","IS 52","1","100.0000","81102","PM10 Total 0-10um STP","35620","New York-Newark-Jersey City, NY-NJ-PA","36","New York","005","Bronx","40.816","-73.902"
"08/10/2023","AQS","360050110","5","21","ug/m3 SC","19","IS 52","1","100.0000","81102","PM10 Total 0-10um STP","35620","New York-Newark-Jersey City, NY-NJ-PA","36","New York","005","Bronx","40.816","-73.902"
"08/16/2023","AQS","360050110","5","8","ug/m3 SC","7","IS 52","1","100.0000","81102","PM10 Total 0-10um STP","35620","New York-Newark-Jersey City, NY-NJ-PA","36","New York","005","Bronx","40.816","-73.902"
"08/22/2023","AQS","360050110","5","15","ug/m3 SC","14","IS 52","1","100.0000","81102","PM10 Total 0-10um STP","35620","New York-Newark-Jersey City, NY-NJ-PA","36","New York","005","Bronx","40.816","-73.902"
"08/28/2023","AQS","360050110","5","13","ug/m3 SC","12","IS 52","1","100.0000","81102","PM10 Total 0-10um STP","35620","New York-Newark-Jersey City, NY-NJ-PA","36","New York","005","Bronx","40.816","-73.902"
"09/03/2023","AQS","360050110","5","17","ug/m3 SC","16","IS 52","1","100.0000","81102","PM10 Total 0-10um STP","35620","New York-Newark-Jersey City, NY-NJ-PA","36","New York","005","Bronx","40.816","-73.902"
"09/09/2023","AQS","360050110","5","23","ug/m3 SC","21","IS 52","1","100.0000","81102","PM10 Total 0-10um STP","35620","New York-Newark-Jersey City, NY-NJ-PA","36","New York","005","Bronx","40.816","-73.902"
"09/27/2023","AQS","360050110","5","10","ug/m3 SC","9","IS 52","1","100.0000","81102","PM10 Total 0-10um STP","35620","New York-Newark-Jersey City, NY-NJ-PA","36","New York","005","Bronx","40.816","-73.902"
"10/03/2023","AQS","360050110","5","24","ug/m3 SC","22","IS 52","1","100.0000","81102","PM10 Total 0-10um STP","35620","New York-Newark-Jersey City, NY-NJ-PA","36","New York","005","Bronx","40.816","-73.902"
"10/09/2023","AQS","360050110","5","9","ug/m3 SC","8","IS 52","1","100.0000","81102","PM10 Total 0-10um STP","35620","New York-Newark-Jersey City, NY-NJ-PA","36","New York","005","Bronx","40.816","-73.902"
"10/15/2023","AQS","360050110","5","5","ug/m3 SC","5","IS 52","1","100.0000","81102","PM10 Total 0-10um STP","35620","New York-Newark-Jersey City, NY-NJ-PA","36","New York","005","Bronx","40.816","-73.902"
"10/21/2023","AQS","360050110","5","4","ug/m3 SC","4","IS 52","1","100.0000","81102","PM10 Total 0-10um STP","35620","New York-Newark-Jersey City, NY-NJ-PA","36","New York","005","Bronx","40.816","-73.902"
"10/27/2023","AQS","360050110","5","28","ug/m3 SC","26","IS 52","1","100.0000","81102","PM10 Total 0-10um STP","35620","New York-Newark-Jersey City, NY-NJ-PA","36","New York","005","Bronx","40.816","-73.902"
"11/02/2023","AQS","360050110","5","8","ug/m3 SC","7","IS 52","1","100.0000","81102","PM10 Total 0-10um STP","35620","New York-Newark-Jersey City, NY-NJ-PA","36","New York","005","Bronx","40.816","-73.902"
"11/08/2023","AQS","360050110","5","5","ug/m3 SC","5","IS 52","1","100.0000","81102","PM10 Total 0-10um STP","35620","New York-Newark-Jersey City, NY-NJ-PA","36","New York","005","Bronx","40.816","-73.902"
"11/14/2023","AQS","360050110","5","9","ug/m3 SC","8","IS 52","1","100.0000","81102","PM10 Total 0-10um STP","35620","New York-Newark-Jersey City, NY-NJ-PA","36","New York","005","Bronx","40.816","-73.902"
"11/20/2023","AQS","360050110","5","4","ug/m3 SC","4","IS 52","1","100.0000","81102","PM10 Total 0-10um STP","35620","New York-Newark-Jersey City, NY-NJ-PA","36","New York","005","Bronx","40.816","-73.902"
"11/26/2023","AQS","360050110","5","12","ug/m3 SC","11","IS 52","1","100.0000","81102","PM10 Total 0-10um STP","35620","New York-Newark-Jersey City, NY-NJ-PA","36","New York","005","Bronx","40.816","-73.902"
"12/02/2023","AQS","360050110","5","27","ug/m3 SC","25","IS 52","1","100.0000","81102","PM10 Total 0-10um STP","35620","New York-Newark-Jersey City, NY-NJ-PA","36","New York","005","Bronx","40.816","-73.902"
"12/08/2023","AQS","360050110","5","18","ug/m3 SC","17","IS 52","1","100.0000","81102","PM10 Total 0-10um STP","35620","New York-Newark-Jersey City, NY-NJ-PA","36","New York","005","Bronx","40.816","-73.902"
"12/14/2023","AQS","360050110","5","9","ug/m3 SC","8","IS 52","1","100.0000","81102","PM10 Total 0-10um STP","35620","New York-Newark-Jersey City, NY-NJ-PA","36","New York","005","Bronx","40.816","-73.902"
"12/20/2023","AQS","360050110","5","5","ug/m3 SC","5","IS 52","1","100.0000","81102","PM10 Total 0-10um STP","35620","New York-Newark-Jersey City, NY-NJ-PA","36","New York","005","Bronx","40.816","-73.902"
"12/26/2023","AQS","360050110","5","22","ug/m3 SC","20","IS 52","1","100.0000","81102","PM10 Total 0-10um STP","35620","New York-Newark-Jersey City, NY-NJ-PA","36","New York","005","Bronx","40.816","-73.902"
"01/12/2023","AQS","360290005","1","12","ug/m3 SC","11","BUFFALO","1","100.0000","81102","PM10 Total 0-10um STP","15380","Buffalo-Cheektowaga-Niagara Falls, NY","36","New York","029","Erie","42.8769066671345","-78.8095260117327"
"01/18/2023","AQS","360290005","1","8","ug/m3 SC","7","BUFFALO","1","100.0000","81102","PM10 Total 0-10um STP","15380","Buffalo-Cheektowaga-Niagara Falls, NY","36","New York","029","Erie","42.8769066671345","-78.8095260117327"
"01/24/2023","AQS","360290005","1","10","ug/m3 SC","9","BUFFALO","1","100.0000","81102","PM10 Total 0-10um STP","15380","Buffalo-Cheektowaga-Niagara Falls, NY","36","New York","029","Erie","42.8769066671345","-78.8095260117327"
"01/30/2023","AQS","360290005","1","7","ug/m3 SC","6","BUFFALO","1","100.0000","81102","PM10 Total 0-10um STP","15380","Buffalo-Cheektowaga-Niagara Falls, NY","36","New York","029","Erie","42.8769066671345","-78.8095260117327"
"02/05/2023","AQS","360290005","1","11","ug/m3 SC","10","BUFFALO","1","100.0000","81102","PM10 Total 0-10um STP","15380","Buffalo-Cheektowaga-Niagara Falls, NY","36","New York","029","Erie","42.8769066671345","-78.8095260117327"
"02/11/2023","AQS","360290005","1","4","ug/m3 SC","4","BUFFALO","1","100.0000","81102","PM10 Total 0-10um STP","15380","Buffalo-Cheektowaga-Niagara Falls, NY","36","New York","029","Erie","42.8769066671345","-78.8095260117327"
"02/17/2023","AQS","360290005","1","6","ug/m3 SC","6","BUFFALO","1","100.0000","81102","PM10 Total 0-10um STP","15380","Buffalo-Cheektowaga-Niagara Falls, NY","36","New York","029","Erie","42.8769066671345","-78.8095260117327"
"02/23/2023","AQS","360290005","1","6","ug/m3 SC","6","BUFFALO","1","100.0000","81102","PM10 Total 0-10um STP","15380","Buffalo-Cheektowaga-Niagara Falls, NY","36","New York","029","Erie","42.8769066671345","-78.8095260117327"
"03/07/2023","AQS","360290005","1","14","ug/m3 SC","13","BUFFALO","1","100.0000","81102","PM10 Total 0-10um STP","15380","Buffalo-Cheektowaga-Niagara Falls, NY","36","New York","029","Erie","42.8769066671345","-78.8095260117327"
"03/13/2023","AQS","360290005","1","13","ug/m3 SC","12","BUFFALO","1","100.0000","81102","PM10 Total 0-10um STP","15380","Buffalo-Cheektowaga-Niagara Falls, NY","36","New York","029","Erie","42.8769066671345","-78.8095260117327"
"03/19/2023","AQS","360290005","1","6","ug/m3 SC","6","BUFFALO","1","100.0000","81102","PM10 Total 0-10um STP","15380","Buffalo-Cheektowaga-Niagara Falls, NY","36","New York","029","Erie","42.8769066671345","-78.8095260117327"
"03/25/2023","AQS","360290005","1","5","ug/m3 SC","5","BUFFALO","1","100.0000","81102","PM10 Total 0-10um STP","15380","Buffalo-Cheektowaga-Niagara Falls, NY","36","New York","029","Erie","42.8769066671345","-78.8095260117327"
"03/31/2023","AQS","360290005","1","21","ug/m3 SC","19","BUFFALO","1","100.0000","81102","PM10 Total 0-10um STP","15380","Buffalo-Cheektowaga-Niagara Falls, NY","36","New York","029","Erie","42.8769066671345","-78.8095260117327"
"04/06/2023","AQS","360290005","1","10","ug/m3 SC","9","BUFFALO","1","100.0000","81102","PM10 Total 0-10um STP","15380","Buffalo-Cheektowaga-Niagara Falls, NY","36","New York","029","Erie","42.8769066671345","-78.8095260117327"
"04/12/2023","AQS","360290005","1","22","ug/m3 SC","20","BUFFALO","1","100.0000","81102","PM10 Total 0-10um STP","15380","Buffalo-Cheektowaga-Niagara Falls, NY","36","New York","029","Erie","42.8769066671345","-78.8095260117327"
"04/18/2023","AQS","360290005","1","5","ug/m3 SC","5","BUFFALO","1","100.0000","81102","PM10 Total 0-10um STP","15380","Buffalo-Cheektowaga-Niagara Falls, NY","36","New York","029","Erie","42.8769066671345","-78.8095260117327"
"04/24/2023","AQS","360290005","1","6","ug/m3 SC","6","BUFFALO","1","100.0000","81102","PM10 Total 0-10um STP","15380","Buffalo-Cheektowaga-Niagara Falls, NY","36","New York","029","Erie","42.8769066671345","-78.8095260117327"
"04/30/2023","AQS","360290005","1","5","ug/m3 SC","5","BUFFALO","1","100.0000","81102","PM10 Total 0-10um STP","15380","Buffalo-Cheektowaga-Niagara Falls, NY","36","New York","029","Erie","42.8769066671345","-78.8095260117327"
"05/06/2023","AQS","360290005","1","8","ug/m3 SC","7","BUFFALO","1","100.0000","81102","PM10 Total 0-10um STP","15380","Buffalo-Cheektowaga-Niagara Falls, NY","36","New York","029","Erie","42.8769066671345","-78.8095260117327"
"05/12/2023","AQS","360290005","1","43","ug/m3 SC","40","BUFFALO","1","100.0000","81102","PM10 Total 0-10um STP","15380","Buffalo-Cheektowaga-Niagara Falls, NY","36","New York","029","Erie","42.8769066671345","-78.8095260117327"
"05/18/2023","AQS","360290005","1","19","ug/m3 SC","18","BUFFALO","1","100.0000","81102","PM10 Total 0-10um STP","15380","Buffalo-Cheektowaga-Niagara Falls, NY","36","New York","029","Erie","42.8769066671345","-78.8095260117327"
"05/24/2023","AQS","360290005","1","21","ug/m3 SC","19","BUFFALO","1","100.0000","81102","PM10 Total 0-10um STP","15380","Buffalo-Cheektowaga-Niagara Falls, NY","36","New York","029","Erie","42.8769066671345","-78.8095260117327"
"05/30/2023","AQS","360290005","1","32","ug/m3 SC","30","BUFFALO","1","100.0000","81102","PM10 Total 0-10um STP","15380","Buffalo-Cheektowaga-Niagara Falls, NY","36","New York","029","Erie","42.8769066671345","-78.8095260117327"
"06/05/2023","AQS","360290005","1","44","ug/m3 SC","41","BUFFALO","1","100.0000","81102","PM10 Total 0-10um STP","15380","Buffalo-Cheektowaga-Niagara Falls, NY","36","New York","029","Erie","42.8769066671345","-78.8095260117327"
"06/11/2023","AQS","360290005","1","34","ug/m3 SC","31","BUFFALO","1","100.0000","81102","PM10 Total 0-10um STP","15380","Buffalo-Cheektowaga-Niagara Falls, NY","36","New York","029","Erie","42.8769066671345","-78.8095260117327"
"06/17/2023","AQS","360290005","1","35","ug/m3 SC","32","BUFFALO","1","100.0000","81102","PM10 Total 0-10um STP","15380","Buffalo-Cheektowaga-Niagara Falls, NY","36","New York","029","Erie","42.8769066671345","-78.8095260117327"
"06/23/2023","AQS","360290005","1","9","ug/m3 SC","8","BUFFALO","1","100.0000","81102","PM10 Total 0-10um STP","15380","Buffalo-Cheektowaga-Niagara Falls, NY","36","New York","029","Erie","42.8769066671345","-78.8095260117327"
"06/29/2023","AQS","360290005","1","42","ug/m3 SC","39","BUFFALO","1","100.0000","81102","PM10 Total 0-10um STP","15380","Buffalo-Cheektowaga-Niagara Falls, NY","36","New York","029","Erie","42.8769066671345","-78.8095260117327"
"07/05/2023","AQS","360290005","1","22","ug/m3 SC","20","BUFFALO","1","100.0000","81102","PM10 Total 0-10um STP","15380","Buffalo-Cheektowaga-Niagara Falls, NY","36","New York","029","Erie","42.8769066671345","-78.8095260117327"
"07/11/2023","AQS","360290005","1","22","ug/m3 SC","20","BUFFALO","1","100.0000","81102","PM10 Total 0-10um STP","15380","Buffalo-Cheektowaga-Niagara Falls, NY","36","New York","029","Erie","42.8769066671345","-78.8095260117327"
"07/17/2023","AQS","360290005","1","50","ug/m3 SC","46","BUFFALO","1","100.0000","81102","PM10 Total 0-10um STP","15380","Buffalo-Cheektowaga-Niagara Falls, NY","36","New York","029","Erie","42.8769066671345","-78.8095260117327"
"07/23/2023","AQS","360290005","1","16","ug/m3 SC","15","BUFFALO","1","100.0000","81102","PM10 Total 0-10um STP","15380","Buffalo-Cheektowaga-Niagara Falls, NY","36","New York","029","Erie","42.8769066671345","-78.8095260117327"
"07/29/2023","AQS","360290005","1","11","ug/m3 SC","10","BUFFALO","1","100.0000","81102","PM10 Total 0-10um STP","15380","Buffalo-Cheektowaga-Niagara Falls, NY","36","New York","029","Erie","42.8769066671345","-78.8095260117327"
"08/04/2023","AQS","360290005","1","29","ug/m3 SC","27","BUFFALO","1","100.0000","81102","PM10 Total 0-10um STP","15380","Buffalo-Cheektowaga-Niagara Falls, NY","36","New York","029","Erie","42.8769066671345","-78.8095260117327"
"08/10/2023","AQS","360290005","1","16","ug/m3 SC","15","BUFFALO","1","100.0000","81102","PM10 Total 0-10um STP","15380","Buffalo-Cheektowaga-Niagara Falls, NY","36","New York","029","Erie","42.8769066671345","-78.8095260117327"
"08/16/2023","AQS","360290005","1","24","ug/m3 SC","22","BUFFALO","1","100.0000","81102","PM10 Total 0-10um STP","15380","Buffalo-Cheektowaga-Niagara Falls, NY","36","New York","029","Erie","42.8769066671345","-78.8095260117327"
"08/22/2023","AQS","360290005","1","13","ug/m3 SC","12","BUFFALO","1","100.0000","81102","PM10 Total 0-10um STP","15380","Buffalo-Cheektowaga-Niagara Falls, NY","36","New York","029","Erie","42.8769066671345","-78.8095260117327"
"08/28/2023","AQS","360290005","1","15","ug/m3 SC","14","BUFFALO","1","100.0000","81102","PM10 Total 0-10um STP","15380","Buffalo-Cheektowaga-Niagara Falls, NY","36","New York","029","Erie","42.8769066671345","-78.8095260117327"
"09/03/2023","AQS","360290005","1","18","ug/m3 SC","17","BUFFALO","1","100.0000","81102","PM10 Total 0-10um STP","15380","Buffalo-Cheektowaga-Niagara Falls, NY","36","New York","029","Erie","42.8769066671345","-78.8095260117327"
"09/09/2023","AQS","360290005","1","6","ug/m3 SC","6","BUFFALO","1","100.0000","81102","PM10 Total 0-10um STP","15380","Buffalo-Cheektowaga-Niagara Falls, NY","36","New York","029","Erie","42.8769066671345","-78.8095260117327"
"09/15/2023","AQS","360290005","1","17","ug/m3 SC","16","BUFFALO","1","100.0000","81102","PM10 Total 0-10um STP","15380","Buffalo-Cheektowaga-Niagara Falls, NY","36","New York","029","Erie","42.8769066671345","-78.8095260117327"
"09/21/2023","AQS","360290005","1","18","ug/m3 SC","17","BUFFALO","1","100.0000","81102","PM10 Total 0-10um STP","15380","Buffalo-Cheektowaga-Niagara Falls, NY","36","New York","029","Erie","42.8769066671345","-78.8095260117327"
"09/27/2023","AQS","360290005","1","16","ug/m3 SC","15","BUFFALO","1","100.0000","81102","PM10 Total 0-10um STP","15380","Buffalo-Cheektowaga-Niagara Falls, NY","36","New York","029","Erie","42.8769066671345","-78.8095260117327"
"10/03/2023","AQS","360290005","1","31","ug/m3 SC","29","BUFFALO","1","100.0000","81102","PM10 Total 0-10um STP","15380","Buffalo-Cheektowaga-Niagara Falls, NY","36","New York","029","Erie","42.8769066671345","-78.8095260117327"
"10/09/2023","AQS","360290005","1","6","ug/m3 SC","6","BUFFALO","1","100.0000","81102","PM10 Total 0-10um STP","15380","Buffalo-Cheektowaga-Niagara Falls, NY","36","New York","029","Erie","42.8769066671345","-78.8095260117327"
"10/15/2023","AQS","360290005","1","3","ug/m3 SC","3","BUFFALO","1","100.0000","81102","PM10 Total 0-10um STP","15380","Buffalo-Cheektowaga-Niagara Falls, NY","36","New York","029","Erie","42.8769066671345","-78.8095260117327"
"10/21/2023","AQS","360290005","1","3","ug/m3 SC","3","BUFFALO","1","100.0000","81102","PM10 Total 0-10um STP","15380","Buffalo-Cheektowaga-Niagara Falls, NY","36","New York","029","Erie","42.8769066671345","-78.8095260117327"
"10/27/2023","AQS","360290005","1","15","ug/m3 SC","14","BUFFALO","1","100.0000","81102","PM10 Total 0-10um STP","15380","Buffalo-Cheektowaga-Niagara Falls, NY","36","New York","029","Erie","42.8769066671345","-78.8095260117327"
"11/02/2023","AQS","360290005","1","12","ug/m3 SC","11","BUFFALO","1","100.0000","81102","PM10 Total 0-10um STP","15380","Buffalo-Cheektowaga-Niagara Falls, NY","36","New York","029","Erie","42.8769066671345","-78.8095260117327"
"11/08/2023","AQS","360290005","1","8","ug/m3 SC","7","BUFFALO","1","100.0000","81102","PM10 Total 0-10um STP","15380","Buffalo-Cheektowaga-Niagara Falls, NY","36","New York","029","Erie","42.8769066671345","-78.8095260117327"
"11/14/2023","AQS","360290005","1","9","ug/m3 SC","8","BUFFALO","1","100.0000","81102","PM10 Total 0-10um STP","15380","Buffalo-Cheektowaga-Niagara Falls, NY","36","New York","029","Erie","42.8769066671345","-78.8095260117327"
"11/20/2023","AQS","360290005","1","6","ug/m3 SC","6","BUFFALO","1","100.0000","81102","PM10 Total 0-10um STP","15380","Buffalo-Cheektowaga-Niagara Falls, NY","36","New York","029","Erie","42.8769066671345","-78.8095260117327"
"11/26/2023","AQS","360290005","1","10","ug/m3 SC","9","BUFFALO","1","100.0000","81102","PM10 Total 0-10um STP","15380","Buffalo-Cheektowaga-Niagara Falls, NY","36","New York","029","Erie","42.8769066671345","-78.8095260117327"
"12/02/2023","AQS","360290005","1","6","ug/m3 SC","6","BUFFALO","1","100.0000","81102","PM10 Total 0-10um STP","15380","Buffalo-Cheektowaga-Niagara Falls, NY","36","New York","029","Erie","42.8769066671345","-78.8095260117327"
"12/08/2023","AQS","360290005","1","20","ug/m3 SC","19","BUFFALO","1","100.0000","81102","PM10 Total 0-10um STP","15380","Buffalo-Cheektowaga-Niagara Falls, NY","36","New York","029","Erie","42.8769066671345","-78.8095260117327"
"12/14/2023","AQS","360290005","1","12","ug/m3 SC","11","BUFFALO","1","100.0000","81102","PM10 Total 0-10um STP","15380","Buffalo-Cheektowaga-Niagara Falls, NY","36","New York","029","Erie","42.8769066671345","-78.8095260117327"
"12/20/2023","AQS","360290005","1","14","ug/m3 SC","13","BUFFALO","1","100.0000","81102","PM10 Total 0-10um STP","15380","Buffalo-Cheektowaga-Niagara Falls, NY","36","New York","029","Erie","42.8769066671345","-78.8095260117327"
"12/26/2023","AQS","360290005","1","13","ug/m3 SC","12","BUFFALO","1","100.0000","81102","PM10 Total 0-10um STP","15380","Buffalo-Cheektowaga-Niagara Falls, NY","36","New York","029","Erie","42.8769066671345","-78.8095260117327"
"01/06/2023","AQS","360551007","1","8","ug/m3 SC","7","ROCHESTER 2","1","100.0000","81102","PM10 Total 0-10um STP","40380","Rochester, NY","36","New York","055","Monroe","43.14618","-77.54817"
"01/12/2023","AQS","360551007","1","13","ug/m3 SC","12","ROCHESTER 2","1","100.0000","81102","PM10 Total 0-10um STP","40380","Rochester, NY","36","New York","055","Monroe","43.14618","-77.54817"
"01/18/2023","AQS","360551007","1","4","ug/m3 SC","4","ROCHESTER 2","1","100.0000","81102","PM10 Total 0-10um STP","40380","Rochester, NY","36","New York","055","Monroe","43.14618","-77.54817"
"01/24/2023","AQS","360551007","1","10","ug/m3 SC","9","ROCHESTER 2","1","100.0000","81102","PM10 Total 0-10um STP","40380","Rochester, NY","36","New York","055","Monroe","43.14618","-77.54817"
"01/30/2023","AQS","360551007","1","4","ug/m3 SC","4","ROCHESTER 2","1","100.0000","81102","PM10 Total 0-10um STP","40380","Rochester, NY","36","New York","055","Monroe","43.14618","-77.54817"
"02/05/2023","AQS","360551007","1","18","ug/m3 SC","17","ROCHESTER 2","1","100.0000","81102","PM10 Total 0-10um STP","40380","Rochester, NY","36","New York","055","Monroe","43.14618","-77.54817"
"02/08/2023","AQS","360551007","1","19","ug/m3 SC","18","ROCHESTER 2","1","100.0000","81102","PM10 Total 0-10um STP","40380","Rochester, NY","36","New York","055","Monroe","43.14618","-77.54817"
"02/16/2023","AQS","360551007","1","5","ug/m3 SC","5","ROCHESTER 2","1","100.0000","81102","PM10 Total 0-10um STP","40380","Rochester, NY","36","New York","055","Monroe","43.14618","-77.54817"
"02/23/2023","AQS","360551007","1","7","ug/m3 SC","6","ROCHESTER 2","1","100.0000","81102","PM10 Total 0-10um STP","40380","Rochester, NY","36","New York","055","Monroe","43.14618","-77.54817"
"03/01/2023","AQS","360551007","1","11","ug/m3 SC","10","ROCHESTER 2","1","100.0000","81102","PM10 Total 0-10um STP","40380","Rochester, NY","36","New York","055","Monroe","43.14618","-77.54817"
"03/07/2023","AQS","360551007","1","4","ug/m3 SC","4","ROCHESTER 2","1","100.0000","81102","PM10 Total 0-10um STP","40380","Rochester, NY","36","New York","055","Monroe","43.14618","-77.54817"
"03/13/2023","AQS","360551007","1","12","ug/m3 SC","11","ROCHESTER 2","1","100.0000","81102","PM10 Total 0-10um STP","40380","Rochester, NY","36","New York","055","Monroe","43.14618","-77.54817"
"03/19/2023","AQS","360551007","1","7","ug/m3 SC","6","ROCHESTER 2","1","100.0000","81102","PM10 Total 0-10um STP","40380","Rochester, NY","36","New York","055","Monroe","43.14618","-77.54817"
"03/25/2023","AQS","360551007","1","4","ug/m3 SC","4","ROCHESTER 2","1","100.0000","81102","PM10 Total 0-10um STP","40380","Rochester, NY","36","New York","055","Monroe","43.14618","-77.54817"
"03/31/2023","AQS","360551007","1","13","ug/m3 SC","12","ROCHESTER 2","1","100.0000","81102","PM10 Total 0-10um STP","40380","Rochester, NY","36","New York","055","Monroe","43.14618","-77.54817"
"04/06/2023","AQS","360551007","1","7","ug/m3 SC","6","ROCHESTER 2","1","100.0000","81102","PM10 Total 0-10um STP","40380","Rochester, NY","36","New York","055","Monroe","43.14618","-77.54817"
"04/12/2023","AQS","360551007","1","24","ug/m3 SC","22","ROCHESTER 2","1","100.0000","81102","PM10 Total 0-10um STP","40380","Rochester, NY","36","New York","055","Monroe","43.14618","-77.54817"
"04/18/2023","AQS","360551007","1","4","ug/m3 SC","4","ROCHESTER 2","1","100.0000","81102","PM10 Total 0-10um STP","40380","Rochester, NY","36","New York","055","Monroe","43.14618","-77.54817"
"04/24/2023","AQS","360551007","1","5","ug/m3 SC","5","ROCHESTER 2","1","100.0000","81102","PM10 Total 0-10um STP","40380","Rochester, NY","36","New York","055","Monroe","43.14618","-77.54817"
"04/30/2023","AQS","360551007","1","4","ug/m3 SC","4","ROCHESTER 2","1","100.0000","81102","PM10 Total 0-10um STP","40380","Rochester, NY","36","New York","055","Monroe","43.14618","-77.54817"
"05/06/2023","AQS","360551007","1","9","ug/m3 SC","8","ROCHESTER 2","1","100.0000","81102","PM10 Total 0-10um STP","40380","Rochester, NY","36","New York","055","Monroe","43.14618","-77.54817"
"05/12/2023","AQS","360551007","1","25","ug/m3 SC","23","ROCHESTER 2","1","100.0000","81102","PM10 Total 0-10um STP","40380","Rochester, NY","36","New York","055","Monroe","43.14618","-77.54817"
"05/18/2023","AQS","360551007","1","11","ug/m3 SC","10","ROCHESTER 2","1","100.0000","81102","PM10 Total 0-10um STP","40380","Rochester, NY","36","New York","055","Monroe","43.14618","-77.54817"
"05/24/2023","AQS","360551007","1","15","ug/m3 SC","14","ROCHESTER 2","1","100.0000","81102","PM10 Total 0-10um STP","40380","Rochester, NY","36","New York","055","Monroe","43.14618","-77.54817"
"05/30/2023","AQS","360551007","1","23","ug/m3 SC","21","ROCHESTER 2","1","100.0000","81102","PM10 Total 0-10um STP","40380","Rochester, NY","36","New York","055","Monroe","43.14618","-77.54817"
"06/05/2023","AQS","360551007","1","38","ug/m3 SC","35","ROCHESTER 2","1","100.0000","81102","PM10 Total 0-10um STP","40380","Rochester, NY","36","New York","055","Monroe","43.14618","-77.54817"
"06/11/2023","AQS","360551007","1","30","ug/m3 SC","28","ROCHESTER 2","1","100.0000","81102","PM10 Total 0-10um STP","40380","Rochester, NY","36","New York","055","Monroe","43.14618","-77.54817"
"06/17/2023","AQS","360551007","1","22","ug/m3 SC","20","ROCHESTER 2","1","100.0000","81102","PM10 Total 0-10um STP","40380","Rochester, NY","36","New York","055","Monroe","43.14618","-77.54817"
"06/23/2023","AQS","360551007","1","8","ug/m3 SC","7","ROCHESTER 2","1","100.0000","81102","PM10 Total 0-10um STP","40380","Rochester, NY","36","New York","055","Monroe","43.14618","-77.54817"
"06/29/2023","AQS","360551007","1","69","ug/m3 SC","58","ROCHESTER 2","1","100.0000","81102","PM10 Total 0-10um STP","40380","Rochester, NY","36","New York","055","Monroe","43.14618","-77.54817"
"07/05/2023","AQS","360551007","1","22","ug/m3 SC","20","ROCHESTER 2","1","100.0000","81102","PM10 Total 0-10um STP","40380","Rochester, NY","36","New York","055","Monroe","43.14618","-77.54817"
"07/11/2023","AQS","360551007","1","16","ug/m3 SC","15","ROCHESTER 2","1","100.0000","81102","PM10 Total 0-10um STP","40380","Rochester, NY","36","New York","055","Monroe","43.14618","-77.54817"
"07/17/2023","AQS","360551007","1","50","ug/m3 SC","46","ROCHESTER 2","1","100.0000","81102","PM10 Total 0-10um STP","40380","Rochester, NY","36","New York","055","Monroe","43.14618","-77.54817"
"07/23/2023","AQS","360551007","1","13","ug/m3 SC","12","ROCHESTER 2","1","100.0000","81102","PM10 Total 0-10um STP","40380","Rochester, NY","36","New York","055","Monroe","43.14618","-77.54817"
"07/29/2023","AQS","360551007","1","11","ug/m3 SC","10","ROCHESTER 2","1","100.0000","81102","PM10 Total 0-10um STP","40380","Rochester, NY","36","New York","055","Monroe","43.14618","-77.54817"
"08/04/2023","AQS","360551007","1","26","ug/m3 SC","24","ROCHESTER 2","1","100.0000","81102","PM10 Total 0-10um STP","40380","Rochester, NY","36","New York","055","Monroe","43.14618","-77.54817"
"08/10/2023","AQS","360551007","1","15","ug/m3 SC","14","ROCHESTER 2","1","100.0000","81102","PM10 Total 0-10um STP","40380","Rochester, NY","36","New York","055","Monroe","43.14618","-77.54817"
"08/16/2023","AQS","360551007","1","10","ug/m3 SC","9","ROCHESTER 2","1","100.0000","81102","PM10 Total 0-10um STP","40380","Rochester, NY","36","New York","055","Monroe","43.14618","-77.54817"
"08/22/2023","AQS","360551007","1","8","ug/m3 SC","7","ROCHESTER 2","1","100.0000","81102","PM10 Total 0-10um STP","40380","Rochester, NY","36","New York","055","Monroe","43.14618","-77.54817"
"08/28/2023","AQS","360551007","1","9","ug/m3 SC","8","ROCHESTER 2","1","100.0000","81102","PM10 Total 0-10um STP","40380","Rochester, NY","36","New York","055","Monroe","43.14618","-77.54817"
"09/03/2023","AQS","360551007","1","16","ug/m3 SC","15","ROCHESTER 2","1","100.0000","81102","PM10 Total 0-10um STP","40380","Rochester, NY","36","New York","055","Monroe","43.14618","-77.54817"
"09/09/2023","AQS","360551007","1","4","ug/m3 SC","4","ROCHESTER 2","1","100.0000","81102","PM10 Total 0-10um STP","40380","Rochester, NY","36","New York","055","Monroe","43.14618","-77.54817"
"09/15/2023","AQS","360551007","1","10","ug/m3 SC","9","ROCHESTER 2","1","100.0000","81102","PM10 Total 0-10um STP","40380","Rochester, NY","36","New York","055","Monroe","43.14618","-77.54817"
"09/21/2023","AQS","360551007","1","9","ug/m3 SC","8","ROCHESTER 2","1","100.0000","81102","PM10 Total 0-10um STP","40380","Rochester, NY","36","New York","055","Monroe","43.14618","-77.54817"
"09/27/2023","AQS","360551007","1","11","ug/m3 SC","10","ROCHESTER 2","1","100.0000","81102","PM10 Total 0-10um STP","40380","Rochester, NY","36","New York","055","Monroe","43.14618","-77.54817"
"10/03/2023","AQS","360551007","1","21","ug/m3 SC","19","ROCHESTER 2","1","100.0000","81102","PM10 Total 0-10um STP","40380","Rochester, NY","36","New York","055","Monroe","43.14618","-77.54817"
"10/09/2023","AQS","360551007","1","0","ug/m3 SC","0","ROCHESTER 2","1","100.0000","81102","PM10 Total 0-10um STP","40380","Rochester, NY","36","New York","055","Monroe","43.14618","-77.54817"
"10/15/2023","AQS","360551007","1","1","ug/m3 SC","1","ROCHESTER 2","1","100.0000","81102","PM10 Total 0-10um STP","40380","Rochester, NY","36","New York","055","Monroe","43.14618","-77.54817"
"10/21/2023","AQS","360551007","1","5","ug/m3 SC","5","ROCHESTER 2","1","100.0000","81102","PM10 Total 0-10um STP","40380","Rochester, NY","36","New York","055","Monroe","43.14618","-77.54817"
"10/27/2023","AQS","360551007","1","16","ug/m3 SC","15","ROCHESTER 2","1","100.0000","81102","PM10 Total 0-10um STP","40380","Rochester, NY","36","New York","055","Monroe","43.14618","-77.54817"
"11/02/2023","AQS","360551007","1","7","ug/m3 SC","6","ROCHESTER 2","1","100.0000","81102","PM10 Total 0-10um STP","40380","Rochester, NY","36","New York","055","Monroe","43.14618","-77.54817"
"11/08/2023","AQS","360551007","1","7","ug/m3 SC","6","ROCHESTER 2","1","100.0000","81102","PM10 Total 0-10um STP","40380","Rochester, NY","36","New York","055","Monroe","43.14618","-77.54817"
"11/14/2023","AQS","360551007","1","5","ug/m3 SC","5","ROCHESTER 2","1","100.0000","81102","PM10 Total 0-10um STP","40380","Rochester, NY","36","New York","055","Monroe","43.14618","-77.54817"
"11/20/2023","AQS","360551007","1","2","ug/m3 SC","2","ROCHESTER 2","1","100.0000","81102","PM10 Total 0-10um STP","40380","Rochester, NY","36","New York","055","Monroe","43.14618","-77.54817"
"12/02/2023","AQS","360551007","1","5","ug/m3 SC","5","ROCHESTER 2","1","100.0000","81102","PM10 Total 0-10um STP","40380","Rochester, NY","36","New York","055","Monroe","43.14618","-77.54817"
"12/08/2023","AQS","360551007","1","16","ug/m3 SC","15","ROCHESTER 2","1","100.0000","81102","PM10 Total 0-10um STP","40380","Rochester, NY","36","New York","055","Monroe","43.14618","-77.54817"
"12/14/2023","AQS","360551007","1","17","ug/m3 SC","16","ROCHESTER 2","1","100.0000","81102","PM10 Total 0-10um STP","40380","Rochester, NY","36","New York","055","Monroe","43.14618","-77.54817"
"12/20/2023","AQS","360551007","1","17","ug/m3 SC","16","ROCHESTER 2","1","100.0000","81102","PM10 Total 0-10um STP","40380","Rochester, NY","36","New York","055","Monroe","43.14618","-77.54817"
"12/26/2023","AQS","360551007","1","16","ug/m3 SC","15","ROCHESTER 2","1","100.0000","81102","PM10 Total 0-10um STP","40380","Rochester, NY","36","New York","055","Monroe","43.14618","-77.54817"
"01/06/2023","AQS","360810124","1","6","ug/m3 SC","6","QUEENS COLLEGE 2","1","100.0000","81102","PM10 Total 0-10um STP","35620","New York-Newark-Jersey City, NY-NJ-PA","36","New York","081","Queens","40.73614","-73.82153"
"01/12/2023","AQS","360810124","1","12","ug/m3 SC","11","QUEENS COLLEGE 2","1","100.0000","81102","PM10 Total 0-10um STP","35620","New York-Newark-Jersey City, NY-NJ-PA","36","New York","081","Queens","40.73614","-73.82153"
"01/18/2023","AQS","360810124","1","10","ug/m3 SC","9","QUEENS COLLEGE 2","1","100.0000","81102","PM10 Total 0-10um STP","35620","New York-Newark-Jersey City, NY-NJ-PA","36","New York","081","Queens","40.73614","-73.82153"
"01/24/2023","AQS","360810124","1","8","ug/m3 SC","7","QUEENS COLLEGE 2","1","100.0000","81102","PM10 Total 0-10um STP","35620","New York-Newark-Jersey City, NY-NJ-PA","36","New York","081","Queens","40.73614","-73.82153"
"01/30/2023","AQS","360810124","1","17","ug/m3 SC","16","QUEENS COLLEGE 2","1","100.0000","81102","PM10 Total 0-10um STP","35620","New York-Newark-Jersey City, NY-NJ-PA","36","New York","081","Queens","40.73614","-73.82153"
"02/05/2023","AQS","360810124","1","15","ug/m3 SC","14","QUEENS COLLEGE 2","1","100.0000","81102","PM10 Total 0-10um STP","35620","New York-Newark-Jersey City, NY-NJ-PA","36","New York","081","Queens","40.73614","-73.82153"
"02/11/2023","AQS","360810124","1","6","ug/m3 SC","6","QUEENS COLLEGE 2","1","100.0000","81102","PM10 Total 0-10um STP","35620","New York-Newark-Jersey City, NY-NJ-PA","36","New York","081","Queens","40.73614","-73.82153"
"02/17/2023","AQS","360810124","1","11","ug/m3 SC","10","QUEENS COLLEGE 2","1","100.0000","81102","PM10 Total 0-10um STP","35620","New York-Newark-Jersey City, NY-NJ-PA","36","New York","081","Queens","40.73614","-73.82153"
"02/23/2023","AQS","360810124","1","7","ug/m3 SC","6","QUEENS COLLEGE 2","1","100.0000","81102","PM10 Total 0-10um STP","35620","New York-Newark-Jersey City, NY-NJ-PA","36","New York","081","Queens","40.73614","-73.82153"
"03/01/2023","AQS","360810124","1","8","ug/m3 SC","7","QUEENS COLLEGE 2","1","100.0000","81102","PM10 Total 0-10um STP","35620","New York-Newark-Jersey City, NY-NJ-PA","36","New York","081","Queens","40.73614","-73.82153"
"03/07/2023","AQS","360810124","1","6","ug/m3 SC","6","QUEENS COLLEGE 2","1","100.0000","81102","PM10 Total 0-10um STP","35620","New York-Newark-Jersey City, NY-NJ-PA","36","New York","081","Queens","40.73614","-73.82153"
"03/13/2023","AQS","360810124","1","9","ug/m3 SC","8","QUEENS COLLEGE 2","1","100.0000","81102","PM10 Total 0-10um STP","35620","New York-Newark-Jersey City, NY-NJ-PA","36","New York","081","Queens","40.73614","-73.82153"
"03/19/2023","AQS","360810124","1","4","ug/m3 SC","4","QUEENS COLLEGE 2","1","100.0000","81102","PM10 Total 0-10um STP","35620","New York-Newark-Jersey City, NY-NJ-PA","36","New York","081","Queens","40.73614","-73.82153"
"03/25/2023","AQS","360810124","1","7","ug/m3 SC","6","QUEENS COLLEGE 2","1","100.0000","81102","PM10 Total 0-10um STP","35620","New York-Newark-Jersey City, NY-NJ-PA","36","New York","081","Queens","40.73614","-73.82153"
"03/31/2023","AQS","360810124","1","19","ug/m3 SC","18","QUEENS COLLEGE 2","1","100.0000","81102","PM10 Total 0-10um STP","35620","New York-Newark-Jersey City, NY-NJ-PA","36","New York","081","Queens","40.73614","-73.82153"
"04/06/2023","AQS","360810124","1","13","ug/m3 SC","12","QUEENS COLLEGE 2","1","100.0000","81102","PM10 Total 0-10um STP","35620","New York-Newark-Jersey City, NY-NJ-PA","36","New York","081","Queens","40.73614","-73.82153"
"04/12/2023","AQS","360810124","1","26","ug/m3 SC","24","QUEENS COLLEGE 2","1","100.0000","81102","PM10 Total 0-10um STP","35620","New York-Newark-Jersey City, NY-NJ-PA","36","New York","081","Queens","40.73614","-73.82153"
"04/18/2023","AQS","360810124","1","7","ug/m3 SC","6","QUEENS COLLEGE 2","1","100.0000","81102","PM10 Total 0-10um STP","35620","New York-Newark-Jersey City, NY-NJ-PA","36","New York","081","Queens","40.73614","-73.82153"
"04/24/2023","AQS","360810124","1","7","ug/m3 SC","6","QUEENS COLLEGE 2","1","100.0000","81102","PM10 Total 0-10um STP","35620","New York-Newark-Jersey City, NY-NJ-PA","36","New York","081","Queens","40.73614","-73.82153"
"04/30/2023","AQS","360810124","1","4","ug/m3 SC","4","QUEENS COLLEGE 2","1","100.0000","81102","PM10 Total 0-10um STP","35620","New York-Newark-Jersey City, NY-NJ-PA","36","New York","081","Queens","40.73614","-73.82153"
"05/06/2023","AQS","360810124","1","11","ug/m3 SC","10","QUEENS COLLEGE 2","1","100.0000","81102","PM10 Total 0-10um STP","35620","New York-Newark-Jersey City, NY-NJ-PA","36","New York","081","Queens","40.73614","-73.82153"
"05/12/2023","AQS","360810124","1","29","ug/m3 SC","27","QUEENS COLLEGE 2","1","100.0000","81102","PM10 Total 0-10um STP","35620","New York-Newark-Jersey City, NY-NJ-PA","36","New York","081","Queens","40.73614","-73.82153"
"05/18/2023","AQS","360810124","1","5","ug/m3 SC","5","QUEENS COLLEGE 2","1","100.0000","81102","PM10 Total 0-10um STP","35620","New York-Newark-Jersey City, NY-NJ-PA","36","New York","081","Queens","40.73614","-73.82153"
"05/24/2023","AQS","360810124","1","15","ug/m3 SC","14","QUEENS COLLEGE 2","1","100.0000","81102","PM10 Total 0-10um STP","35620","New York-Newark-Jersey City, NY-NJ-PA","36","New York","081","Queens","40.73614","-73.82153"
"05/30/2023","AQS","360810124","1","17","ug/m3 SC","16","QUEENS COLLEGE 2","1","100.0000","81102","PM10 Total 0-10um STP","35620","New York-Newark-Jersey City, NY-NJ-PA","36","New York","081","Queens","40.73614","-73.82153"
"06/08/2023","AQS","360810124","1","70","ug/m3 SC","58","QUEENS COLLEGE 2","1","100.0000","81102","PM10 Total 0-10um STP","35620","New York-Newark-Jersey City, NY-NJ-PA","36","New York","081","Queens","40.73614","-73.82153"
"06/11/2023","AQS","360810124","1","31","ug/m3 SC","29","QUEENS COLLEGE 2","1","100.0000","81102","PM10 Total 0-10um STP","35620","New York-Newark-Jersey City, NY-NJ-PA","36","New York","081","Queens","40.73614","-73.82153"
"06/17/2023","AQS","360810124","1","26","ug/m3 SC","24","QUEENS COLLEGE 2","1","100.0000","81102","PM10 Total 0-10um STP","35620","New York-Newark-Jersey City, NY-NJ-PA","36","New York","081","Queens","40.73614","-73.82153"
"06/23/2023","AQS","360810124","1","9","ug/m3 SC","8","QUEENS COLLEGE 2","1","100.0000","81102","PM10 Total 0-10um STP","35620","New York-Newark-Jersey City, NY-NJ-PA","36","New York","081","Queens","40.73614","-73.82153"
"06/29/2023","AQS","360810124","1","36","ug/m3 SC","33","QUEENS COLLEGE 2","1","100.0000","81102","PM10 Total 0-10um STP","35620","New York-Newark-Jersey City, NY-NJ-PA","36","New York","081","Queens","40.73614","-73.82153"
"07/05/2023","AQS","360810124","1","25","ug/m3 SC","23","QUEENS COLLEGE 2","1","100.0000","81102","PM10 Total 0-10um STP","35620","New York-Newark-Jersey City, NY-NJ-PA","36","New York","081","Queens","40.73614","-73.82153"
"07/17/2023","AQS","360810124","1","22","ug/m3 SC","20","QUEENS COLLEGE 2","1","100.0000","81102","PM10 Total 0-10um STP","35620","New York-Newark-Jersey City, NY-NJ-PA","36","New York","081","Queens","40.73614","-73.82153"
"07/23/2023","AQS","360810124","1","14","ug/m3 SC","13","QUEENS COLLEGE 2","1","100.0000","81102","PM10 Total 0-10um STP","35620","New York-Newark-Jersey City, NY-NJ-PA","36","New York","081","Queens","40.73614","-73.82153"
"07/29/2023","AQS","360810124","1","10","ug/m3 SC","9","QUEENS COLLEGE 2","1","100.0000","81102","PM10 Total 0-10um STP","35620","New York-Newark-Jersey City, NY-NJ-PA","36","New York","081","Queens","40.73614","-73.82153"
"08/04/2023","AQS","360810124","1","17","ug/m3 SC","16","QUEENS COLLEGE 2","1","100.0000","81102","PM10 Total 0-10um STP","35620","New York-Newark-Jersey City, NY-NJ-PA","36","New York","081","Queens","40.73614","-73.82153"
"08/10/2023","AQS","360810124","1","17","ug/m3 SC","16","QUEENS COLLEGE 2","1","100.0000","81102","PM10 Total 0-10um STP","35620","New York-Newark-Jersey City, NY-NJ-PA","36","New York","081","Queens","40.73614","-73.82153"
"08/22/2023","AQS","360810124","1","12","ug/m3 SC","11","QUEENS COLLEGE 2","1","100.0000","81102","PM10 Total 0-10um STP","35620","New York-Newark-Jersey City, NY-NJ-PA","36","New York","081","Queens","40.73614","-73.82153"
"08/28/2023","AQS","360810124","1","11","ug/m3 SC","10","QUEENS COLLEGE 2","1","100.0000","81102","PM10 Total 0-10um STP","35620","New York-Newark-Jersey City, NY-NJ-PA","36","New York","081","Queens","40.73614","-73.82153"
"09/03/2023","AQS","360810124","1","19","ug/m3 SC","18","QUEENS COLLEGE 2","1","100.0000","81102","PM10 Total 0-10um STP","35620","New York-Newark-Jersey City, NY-NJ-PA","36","New York","081","Queens","40.73614","-73.82153"
"09/09/2023","AQS","360810124","1","21","ug/m3 SC","19","QUEENS COLLEGE 2","1","100.0000","81102","PM10 Total 0-10um STP","35620","New York-Newark-Jersey City, NY-NJ-PA","36","New York","081","Queens","40.73614","-73.82153"
"09/15/2023","AQS","360810124","1","7","ug/m3 SC","6","QUEENS COLLEGE 2","1","100.0000","81102","PM10 Total 0-10um STP","35620","New York-Newark-Jersey City, NY-NJ-PA","36","New York","081","Queens","40.73614","-73.82153"
"09/21/2023","AQS","360810124","1","11","ug/m3 SC","10","QUEENS COLLEGE 2","1","100.0000","81102","PM10 Total 0-10um STP","35620","New York-Newark-Jersey City, NY-NJ-PA","36","New York","081","Queens","40.73614","-73.82153"
"09/27/2023","AQS","360810124","1","11","ug/m3 SC","10","QUEENS COLLEGE 2","1","100.0000","81102","PM10 Total 0-10um STP","35620","New York-Newark-Jersey City, NY-NJ-PA","36","New York","081","Queens","40.73614","-73.82153"
"10/03/2023","AQS","360810124","1","23","ug/m3 SC","21","QUEENS COLLEGE 2","1","100.0000","81102","PM10 Total 0-10um STP","35620","New York-Newark-Jersey City, NY-NJ-PA","36","New York","081","Queens","40.73614","-73.82153"
"10/09/2023","AQS","360810124","1","9","ug/m3 SC","8","QUEENS COLLEGE 2","1","100.0000","81102","PM10 Total 0-10um STP","35620","New York-Newark-Jersey City, NY-NJ-PA","36","New York","081","Queens","40.73614","-73.82153"
"10/15/2023","AQS","360810124","1","4","ug/m3 SC","4","QUEENS COLLEGE 2","1","100.0000","81102","PM10 Total 0-10um STP","35620","New York-Newark-Jersey City, NY-NJ-PA","36","New York","081","Queens","40.73614","-73.82153"
"10/21/2023","AQS","360810124","1","5","ug/m3 SC","5","QUEENS COLLEGE 2","1","100.0000","81102","PM10 Total 0-10um STP","35620","New York-Newark-Jersey City, NY-NJ-PA","36","New York","081","Queens","40.73614","-73.82153"
"10/27/2023","AQS","360810124","1","31","ug/m3 SC","29","QUEENS COLLEGE 2","1","100.0000","81102","PM10 Total 0-10um STP","35620","New York-Newark-Jersey City, NY-NJ-PA","36","New York","081","Queens","40.73614","-73.82153"
"11/02/2023","AQS","360810124","1","6","ug/m3 SC","6","QUEENS COLLEGE 2","1","100.0000","81102","PM10 Total 0-10um STP","35620","New York-Newark-Jersey City, NY-NJ-PA","36","New York","081","Queens","40.73614","-73.82153"
"11/08/2023","AQS","360810124","1","5","ug/m3 SC","5","QUEENS COLLEGE 2","1","100.0000","81102","PM10 Total 0-10um STP","35620","New York-Newark-Jersey City, NY-NJ-PA","36","New York","081","Queens","40.73614","-73.82153"
"11/14/2023","AQS","360810124","1","11","ug/m3 SC","10","QUEENS COLLEGE 2","1","100.0000","81102","PM10 Total 0-10um STP","35620","New York-Newark-Jersey City, NY-NJ-PA","36","New York","081","Queens","40.73614","-73.82153"
"11/21/2023","AQS","360810124","1","8","ug/m3 SC","7","QUEENS COLLEGE 2","1","100.0000","81102","PM10 Total 0-10um STP","35620","New York-Newark-Jersey City, NY-NJ-PA","36","New York","081","Queens","40.73614","-73.82153"
"11/26/2023","AQS","360810124","1","11","ug/m3 SC","10","QUEENS COLLEGE 2","1","100.0000","81102","PM10 Total 0-10um STP","35620","New York-Newark-Jersey City, NY-NJ-PA","36","New York","081","Queens","40.73614","-73.82153"
"12/02/2023","AQS","360810124","1","24","ug/m3 SC","22","QUEENS COLLEGE 2","1","100.0000","81102","PM10 Total 0-10um STP","35620","New York-Newark-Jersey City, NY-NJ-PA","36","New York","081","Queens","40.73614","-73.82153"
"12/08/2023","AQS","360810124","1","20","ug/m3 SC","19","QUEENS COLLEGE 2","1","100.0000","81102","PM10 Total 0-10um STP","35620","New York-Newark-Jersey City, NY-NJ-PA","36","New York","081","Queens","40.73614","-73.82153"
"12/14/2023","AQS","360810124","1","7","ug/m3 SC","6","QUEENS COLLEGE 2","1","100.0000","81102","PM10 Total 0-10um STP","35620","New York-Newark-Jersey City, NY-NJ-PA","36","New York","081","Queens","40.73614","-73.82153"
"12/20/2023","AQS","360810124","1","8","ug/m3 SC","7","QUEENS COLLEGE 2","1","100.0000","81102","PM10 Total 0-10um STP","35620","New York-Newark-Jersey City, NY-NJ-PA","36","New York","081","Queens","40.73614","-73.82153"
"12/26/2023","AQS","360810124","1","16","ug/m3 SC","15","QUEENS COLLEGE 2","1","100.0000","81102","PM10 Total 0-10um STP","35620","New York-Newark-Jersey City, NY-NJ-PA","36","New York","081","Queens","40.73614","-73.82153"
